source_frame,target_frame,num_common_peaks,relative_occupancy,occupancy,intersection,scaled_relative_occupancy,scaled_occupancy,scaled_intersection
G50N-H,K49N-H,7,1,0.4667,1,100,43.5922,100
G50N-H,A48N-H,2,0.2857,0.1333,0.9948,19.7321,8.3373,99.4821
G50N-H,E92N-H,3,0.4286,0.2,0.4063,35.7857,15.3882,40.6933
G50N-H,G66N-H,2,0.2857,0.1333,0.3015,19.7321,8.3373,30.2309
G50N-H,I91N-H,2,0.2857,0.1333,0.243,19.7321,8.3373,24.3844
G50N-H,A52N-H,2,0.2857,0.1333,0.2251,19.7321,8.3373,22.601
G50N-H,R94N-H,3,0.4286,0.2,0.2207,35.7857,15.3882,22.1535
G50N-H,N85ND2-HD21,2,0.2857,0.1333,0.1928,19.7321,8.3373,19.3711
G50N-H,E67N-H,2,0.2857,0.1333,0.1787,19.7321,8.3373,17.961
G50N-H,S87N-H,3,0.4286,0.2,0.1779,35.7857,15.3882,17.8785
G50N-H,L86N-H,2,0.2857,0.1333,0.1702,19.7321,8.3373,17.1171
G50N-H,E53N-H,2,0.2857,0.1333,0.1615,19.7321,8.3373,16.2455
G50N-H,N85ND2-HD22,1,0.1429,0.0667,0.1143,3.6786,1.2863,11.5284
G50N-H,Q47N-H,1,0.1429,0.0667,0.075,3.6786,1.2863,7.6015
G50N-H,L63N-H,2,0.2857,0.1333,0.0742,19.7321,8.3373,7.5212
G50N-H,R84N-H,1,0.1429,0.0667,0.0722,3.6786,1.2863,7.3211
G50N-H,T89N-H,1,0.1429,0.0667,0.0644,3.6786,1.2863,6.5427
G50N-H,R62N-H,1,0.1429,0.0667,0.0014,3.6786,1.2863,0.2543
?-?,E33N-H,1,1,1,1,100,100,100
N73ND2-HD22,N73ND2-HD21,8,1,0.8,1,100,78.8471,100
N73ND2-HD22,L79N-H,7,0.875,0.7,0.8102,85.9531,68.2706,81.0437
N73ND2-HD22,T42N-H,4,0.5,0.4,0.7266,43.8125,36.5412,72.6896
N73ND2-HD22,N73N-H,3,0.375,0.3,0.6378,29.7656,25.9647,63.8245
N73ND2-HD22,V38N-H,4,0.5,0.4,0.4591,43.8125,36.5412,45.9747
N73ND2-HD22,N39N-H,3,0.375,0.3,0.4265,29.7656,25.9647,42.7123
N73ND2-HD22,G41N-H,3,0.375,0.3,0.3749,29.7656,25.9647,37.563
N73ND2-HD22,X42NX-HX,1,0.125,0.1,0.2515,1.6719,4.8118,25.2314
N73ND2-HD22,N85ND2-HD22,1,0.125,0.1,0.217,1.6719,4.8118,21.7852
N73ND2-HD22,G31N-H,1,0.125,0.1,0.2042,1.6719,4.8118,20.5125
N73ND2-HD22,E32N-H,1,0.125,0.1,0.1787,1.6719,4.8118,17.9636
N73ND2-HD22,N85ND2-HD21,1,0.125,0.1,0.146,1.6719,4.8118,14.6995
N73ND2-HD22,R80N-H,2,0.25,0.2,0.1209,15.7188,15.3882,12.1864
N73ND2-HD22,I81N-H,1,0.125,0.1,0.0818,1.6719,4.8118,8.2853
N73ND2-HD22,E98N-H,1,0.125,0.1,0.0675,1.6719,4.8118,6.8534
N73ND2-HD22,L74N-H,1,0.125,0.1,0.065,1.6719,4.8118,6.6042
N73ND2-HD22,K37N-H,1,0.125,0.1,0.0001,1.6719,4.8118,0.1188
N73ND2-HD22,V36N-H,1,0.125,0.1,0,1.6719,4.8118,0.113
N85ND2-HD22,N85ND2-HD21,9,1,1,1,100,100,100
N85ND2-HD22,I91N-H,6,0.6667,0.6667,0.6056,62.5417,64.7451,60.6044
N85ND2-HD22,N85N-H,3,0.3333,0.3333,0.5759,25.0833,29.4902,57.6327
N85ND2-HD22,E32N-H,4,0.4444,0.4444,0.4936,37.5694,41.2418,49.4124
N85ND2-HD22,G31N-H,4,0.4444,0.4444,0.491,37.5694,41.2418,49.1527
N85ND2-HD22,N29N-H,2,0.2222,0.2222,0.2317,12.5972,17.7386,23.2542
N85ND2-HD22,N73ND2-HD22,1,0.1111,0.1111,0.1898,0.1111,5.9869,19.069
N85ND2-HD22,G41N-H,1,0.1111,0.1111,0.1818,0.1111,5.9869,18.2693
N85ND2-HD22,T42N-H,1,0.1111,0.1111,0.1767,0.1111,5.9869,17.7585
N85ND2-HD22,G50N-H,1,0.1111,0.1111,0.1444,0.1111,5.9869,14.5338
N85ND2-HD22,E92N-H,1,0.1111,0.1111,0.1439,0.1111,5.9869,14.4824
N85ND2-HD22,N73ND2-HD21,1,0.1111,0.1111,0.1176,0.1111,5.9869,11.8556
N85ND2-HD22,E33N-H,1,0.1111,0.1111,0.1111,0.1111,5.9869,11.2134
N85ND2-HD22,Y34N-H,1,0.1111,0.1111,0.1034,0.1111,5.9869,10.4364
N85ND2-HD22,V28N-H,1,0.1111,0.1111,0.0838,0.1111,5.9869,8.4822
N85ND2-HD22,K49N-H,1,0.1111,0.1111,0.0835,0.1111,5.9869,8.4536
N85ND2-HD22,T89N-H,1,0.1111,0.1111,0.0724,0.1111,5.9869,7.3465
N85ND2-HD22,S87N-H,1,0.1111,0.1111,0.0463,0.1111,5.9869,4.7345
Q47NE2-HE21,Q47NE2-HE22,3,0.75,0.3333,1,71.9062,29.4902,100
Q47NE2-HE21,Q47N-H,4,1,0.4444,0.9212,100,41.2418,92.1246
Q47NE2-HE21,A48N-H,4,1,0.4444,0.8468,100,41.2418,84.6932
Q47NE2-HE21,N85N-H,3,0.75,0.3333,0.3648,71.9062,29.4902,36.5481
Q47NE2-HE21,R84N-H,3,0.75,0.3333,0.3581,71.9062,29.4902,35.8836
Q47NE2-HE21,Y69N-H,2,0.5,0.2222,0.2423,43.8125,17.7386,24.3143
Q47NE2-HE21,S68N-H,1,0.25,0.1111,0.1833,15.7188,5.9869,18.4205
Q47NE2-HE21,I46N-H,2,0.5,0.2222,0.163,43.8125,17.7386,16.3881
Q47NE2-HE21,E53N-H,1,0.25,0.1111,0.1483,15.7188,5.9869,14.9265
Q47NE2-HE21,R94N-H,1,0.25,0.1111,0.1404,15.7188,5.9869,14.1327
Q47NE2-HE21,E45N-H,1,0.25,0.1111,0.0927,15.7188,5.9869,9.3754
Q47NE2-HE21,R82N-H,1,0.25,0.1111,0.0691,15.7188,5.9869,7.0089
Q47NE2-HE21,R96N-H,1,0.25,0.1111,0.0499,15.7188,5.9869,5.093
Q47NE2-HE21,G56N-H,1,0.25,0.1111,0.0227,15.7188,5.9869,2.3796
Q47NE2-HE21,E55N-H,1,0.25,0.1111,0.0104,15.7188,5.9869,1.1491
X89NX-HX,R82N-H,1,1,1,1,100,100,100
X88NX-HX,R94N-H,1,1,1,1,100,100,100
X88NX-HX,T61N-H,1,1,1,0.81,100,100,81.0253
T42N-H,R43N-H,3,0.6,0.3333,1,55.05,29.4902,100
T42N-H,N73ND2-HD22,4,0.8,0.4444,0.788,77.525,41.2418,78.8257
T42N-H,G41N-H,5,1,0.5556,0.6942,100,52.9935,69.4547
T42N-H,N39N-H,3,0.6,0.3333,0.5828,55.05,29.4902,58.3261
T42N-H,N73N-H,3,0.6,0.3333,0.5813,55.05,29.4902,58.1741
T42N-H,N73ND2-HD21,4,0.8,0.4444,0.498,77.525,41.2418,49.856
T42N-H,G31N-H,3,0.6,0.3333,0.4114,55.05,29.4902,41.2049
T42N-H,E98N-H,3,0.6,0.3333,0.3763,55.05,29.4902,37.6953
T42N-H,E32N-H,3,0.6,0.3333,0.37,55.05,29.4902,37.0662
T42N-H,V38N-H,1,0.2,0.1111,0.2661,10.1,5.9869,26.6876
T42N-H,N85ND2-HD22,1,0.2,0.1111,0.2191,10.1,5.9869,21.9926
T42N-H,L79N-H,1,0.2,0.1111,0.1642,10.1,5.9869,16.5143
T42N-H,N85ND2-HD21,1,0.2,0.1111,0.1534,10.1,5.9869,15.4353
T42N-H,L74N-H,1,0.2,0.1111,0.0323,10.1,5.9869,3.3386
T42N-H,G56N-H,1,0.2,0.1111,0.0054,10.1,5.9869,0.6462
T42N-H,R82N-H,1,0.2,0.1111,0.0005,10.1,5.9869,0.1613
E92N-H,F93N-H,4,0.8,0.4,1,77.525,36.5412,100
E92N-H,I91N-H,5,1,0.5,0.6415,100,47.1176,64.1882
E92N-H,G50N-H,3,0.6,0.3,0.5932,55.05,25.9647,59.3615
E92N-H,K49N-H,3,0.6,0.3,0.4201,55.05,25.9647,42.0747
E92N-H,V28N-H,2,0.4,0.2,0.3915,32.575,15.3882,39.2199
E92N-H,N85ND2-HD21,2,0.4,0.2,0.2724,32.575,15.3882,27.3243
E92N-H,V26N-H,3,0.6,0.3,0.2231,55.05,25.9647,22.393
E92N-H,N85ND2-HD22,1,0.2,0.1,0.1663,10.1,4.8118,16.7211
E92N-H,S87N-H,2,0.4,0.2,0.1367,32.575,15.3882,13.7635
E92N-H,T89N-H,1,0.2,0.1,0.0938,10.1,4.8118,9.481
E92N-H,N29N-H,1,0.2,0.1,0.0866,10.1,4.8118,8.7589
E92N-H,T27N-H,1,0.2,0.1,0.084,10.1,4.8118,8.4971
E92N-H,L86N-H,1,0.2,0.1,0.0715,10.1,4.8118,7.2492
E92N-H,N85N-H,1,0.2,0.1,0.0427,10.1,4.8118,4.377
E92N-H,R84N-H,2,0.4,0.2,0.0361,32.575,15.3882,3.7175
E92N-H,L83N-H,1,0.2,0.1,0.0251,10.1,4.8118,2.6194
E92N-H,V36N-H,1,0.2,0.1,0.0195,10.1,4.8118,2.0579
E92N-H,E35N-H,1,0.2,0.1,0.0125,10.1,4.8118,1.3631
E92N-H,T61N-H,1,0.2,0.1,0.0092,10.1,4.8118,1.0282
E92N-H,Y34N-H,1,0.2,0.1,0.008,10.1,4.8118,0.9138
E92N-H,N101N-H,1,0.2,0.1,0.0034,10.1,4.8118,0.4475
E92N-H,R82N-H,1,0.2,0.1,0.0033,10.1,4.8118,0.4386
E92N-H,R22N-H,1,0.2,0.1,0.0001,10.1,4.8118,0.1174
E92N-H,G41N-H,1,0.2,0.1,0,10.1,4.8118,0.1111
E72N-H,N73N-H,3,1,0.5,1,100,47.1176,100
E72N-H,R60N-H,1,0.3333,0.1667,0.4782,25.0833,11.8627,47.8752
E72N-H,E55N-H,1,0.3333,0.1667,0.2905,25.0833,11.8627,29.1295
E72N-H,V44N-H,1,0.3333,0.1667,0.2837,25.0833,11.8627,28.4458
E72N-H,F71N-H,3,1,0.5,0.2792,100,47.1176,27.9965
E72N-H,G56N-H,1,0.3333,0.1667,0.1811,25.0833,11.8627,18.1974
E72N-H,T61N-H,1,0.3333,0.1667,0.1661,25.0833,11.8627,16.7051
E72N-H,E35N-H,2,0.6667,0.3333,0.1405,62.5417,29.4902,14.1406
E72N-H,R82N-H,1,0.3333,0.1667,0.1031,25.0833,11.8627,10.4083
E72N-H,Y34N-H,1,0.3333,0.1667,0.0856,25.0833,11.8627,8.6644
E72N-H,V36N-H,1,0.3333,0.1667,0.0181,25.0833,11.8627,1.9168
E72N-H,I81N-H,1,0.3333,0.1667,0.0007,25.0833,11.8627,0.1844
E72N-H,K70N-H,1,0.3333,0.1667,0,25.0833,11.8627,0.1144
E67N-H,S68N-H,3,0.75,0.375,1,71.9062,33.8971,100
E67N-H,N64N-H,3,0.75,0.375,0.6629,71.9062,33.8971,66.3316
E67N-H,G66N-H,4,1,0.5,0.5424,100,47.1176,54.2886
E67N-H,G50N-H,2,0.5,0.25,0.2415,43.8125,20.6765,24.2338
E67N-H,E32N-H,1,0.25,0.125,0.0863,15.7188,7.4559,8.7297
E67N-H,N64ND2-HD22,1,0.25,0.125,0.0843,15.7188,7.4559,8.5324
E67N-H,N64ND2-HD21,1,0.25,0.125,0.0837,15.7188,7.4559,8.4754
E67N-H,E33N-H,1,0.25,0.125,0.0836,15.7188,7.4559,8.4575
E67N-H,K49N-H,1,0.25,0.125,0.0804,15.7188,7.4559,8.1449
E67N-H,A48N-H,1,0.25,0.125,0.0803,15.7188,7.4559,8.1323
E67N-H,Q47N-H,1,0.25,0.125,0.0802,15.7188,7.4559,8.1197
E67N-H,A52N-H,1,0.25,0.125,0.0796,15.7188,7.4559,8.0628
E67N-H,R94N-H,1,0.25,0.125,0.0772,15.7188,7.4559,7.8229
E67N-H,E53N-H,1,0.25,0.125,0.0712,15.7188,7.4559,7.2191
E67N-H,N29N-H,1,0.25,0.125,0.0293,15.7188,7.4559,3.0336
E67N-H,E98N-H,1,0.25,0.125,0.0143,15.7188,7.4559,1.5419
E67N-H,E45N-H,1,0.25,0.125,0.0006,15.7188,7.4559,0.1684
E67N-H,E97N-H,1,0.25,0.125,0.0001,15.7188,7.4559,0.1187
E67N-H,R22N-H,1,0.25,0.125,0.0001,15.7188,7.4559,0.1171
E32N-H,E33N-H,5,0.8333,0.4167,1,81.2708,38.3039,100
E32N-H,G31N-H,6,1,0.5,0.5621,100,47.1176,56.2557
E32N-H,N29N-H,5,0.8333,0.4167,0.4337,81.2708,38.3039,43.4342
E32N-H,N85N-H,4,0.6667,0.3333,0.3439,62.5417,29.4902,34.4619
E32N-H,N85ND2-HD22,4,0.6667,0.3333,0.3205,62.5417,29.4902,32.1235
E32N-H,N85ND2-HD21,4,0.6667,0.3333,0.2417,62.5417,29.4902,24.2588
E32N-H,G41N-H,3,0.5,0.25,0.2164,43.8125,20.6765,21.7231
E32N-H,T42N-H,3,0.5,0.25,0.1937,43.8125,20.6765,19.4636
E32N-H,Y34N-H,2,0.3333,0.1667,0.1103,25.0833,11.8627,11.13
E32N-H,V28N-H,2,0.3333,0.1667,0.1029,25.0833,11.8627,10.39
E32N-H,N73ND2-HD22,1,0.1667,0.0833,0.1015,6.3542,3.049,10.2504
E32N-H,I91N-H,3,0.5,0.25,0.0632,43.8125,20.6765,6.427
E32N-H,N73ND2-HD21,1,0.1667,0.0833,0.0592,6.3542,3.049,6.0218
E32N-H,E67N-H,1,0.1667,0.0833,0.0524,6.3542,3.049,5.3421
E32N-H,X39NX-HX,1,0.1667,0.0833,0.0503,6.3542,3.049,5.1362
E32N-H,E98N-H,1,0.1667,0.0833,0.0407,6.3542,3.049,4.1766
E32N-H,E97N-H,1,0.1667,0.0833,0.0293,6.3542,3.049,3.0385
E32N-H,S68N-H,1,0.1667,0.0833,0.0289,6.3542,3.049,3.0023
E32N-H,F93N-H,1,0.1667,0.0833,0.0287,6.3542,3.049,2.9821
E32N-H,E45N-H,1,0.1667,0.0833,0.0213,6.3542,3.049,2.2348
E32N-H,N64N-H,1,0.1667,0.0833,0.0211,6.3542,3.049,2.2147
E32N-H,R22N-H,1,0.1667,0.0833,0.0177,6.3542,3.049,1.8748
T59N-H,R60N-H,3,1,0.4286,1,100,39.563,100
T59N-H,G56N-H,3,1,0.4286,0.277,100,39.563,27.7829
T59N-H,T61N-H,2,0.6667,0.2857,0.1747,62.5417,24.4538,17.563
T59N-H,E55N-H,1,0.3333,0.1429,0.0746,25.0833,9.3445,7.5661
T59N-H,I46N-H,1,0.3333,0.1429,0.0586,25.0833,9.3445,5.9643
T59N-H,F71N-H,1,0.3333,0.1429,0.0549,25.0833,9.3445,5.5946
T59N-H,K70N-H,1,0.3333,0.1429,0.0492,25.0833,9.3445,5.0245
T59N-H,L63N-H,1,0.3333,0.1429,0.0314,25.0833,9.3445,3.2516
T59N-H,F54N-H,1,0.3333,0.1429,0.0314,25.0833,9.3445,3.244
T59N-H,E53N-H,1,0.3333,0.1429,0.0286,25.0833,9.3445,2.9637
T59N-H,G57N-H,1,0.3333,0.1429,0.0174,25.0833,9.3445,1.8447
K49N-H,G50N-H,7,1,0.6364,1,100,61.5401,100
K49N-H,A48N-H,2,0.2857,0.1818,0.5558,19.7321,13.4652,55.6337
K49N-H,E92N-H,3,0.4286,0.2727,0.2877,35.7857,23.0802,28.8531
K49N-H,R94N-H,3,0.4286,0.2727,0.2762,35.7857,23.0802,27.7004
K49N-H,I91N-H,2,0.2857,0.1818,0.1291,19.7321,13.4652,13.0086
K49N-H,A52N-H,1,0.1429,0.0909,0.1155,3.6786,3.8503,11.6438
K49N-H,S87N-H,2,0.2857,0.1818,0.1096,19.7321,13.4652,11.0582
K49N-H,N85ND2-HD21,2,0.2857,0.1818,0.1003,19.7321,13.4652,10.1272
K49N-H,Q47N-H,2,0.2857,0.1818,0.0888,19.7321,13.4652,8.9813
K49N-H,N85ND2-HD22,1,0.1429,0.0909,0.0661,3.6786,3.8503,6.7152
K49N-H,E53N-H,1,0.1429,0.0909,0.0601,3.6786,3.8503,6.1145
K49N-H,T89N-H,1,0.1429,0.0909,0.0599,3.6786,3.8503,6.0949
K49N-H,E67N-H,1,0.1429,0.0909,0.0595,3.6786,3.8503,6.0558
K49N-H,L86N-H,1,0.1429,0.0909,0.0545,3.6786,3.8503,5.5517
K49N-H,F93N-H,1,0.1429,0.0909,0.017,3.6786,3.8503,1.8078
I91N-H,N85ND2-HD21,8,1,0.4706,1,100,44.0069,100
I91N-H,N85ND2-HD22,6,0.75,0.3529,0.8714,71.9062,31.564,87.1532
I91N-H,E92N-H,5,0.625,0.2941,0.7986,57.8594,25.3426,79.8833
I91N-H,V28N-H,4,0.5,0.2353,0.596,43.8125,19.1211,59.6459
I91N-H,G50N-H,2,0.25,0.1176,0.4417,15.7188,6.6782,44.2308
I91N-H,N29N-H,5,0.625,0.2941,0.4207,57.8594,25.3426,42.1313
I91N-H,K49N-H,2,0.25,0.1176,0.2347,15.7188,6.6782,23.5539
I91N-H,T27N-H,2,0.25,0.1176,0.2015,15.7188,6.6782,20.2366
I91N-H,S87N-H,2,0.25,0.1176,0.1944,15.7188,6.6782,19.534
I91N-H,N85N-H,3,0.375,0.1765,0.1886,29.7656,12.8997,18.9536
I91N-H,F93N-H,2,0.25,0.1176,0.1411,15.7188,6.6782,14.2086
I91N-H,E32N-H,3,0.375,0.1765,0.1401,29.7656,12.8997,14.1068
I91N-H,L86N-H,1,0.125,0.0588,0.1236,1.6719,0.4567,12.4576
I91N-H,T89N-H,1,0.125,0.0588,0.1195,1.6719,0.4567,12.0469
I91N-H,G31N-H,1,0.125,0.0588,0.1,1.6719,0.4567,10.1
I91N-H,Y34N-H,1,0.125,0.0588,0.0738,1.6719,0.4567,7.4798
I91N-H,N64N-H,1,0.125,0.0588,0.045,1.6719,0.4567,4.6073
I91N-H,V26N-H,1,0.125,0.0588,0.0129,1.6719,0.4567,1.4005
I91N-H,L79N-H,2,0.25,0.1176,0.0026,15.7188,6.6782,0.3683
A52N-H,E53N-H,4,0.8,0.3636,1,77.525,32.6952,100
A52N-H,L86N-H,5,1,0.4545,0.5205,100,42.3102,52.0987
A52N-H,G50N-H,2,0.4,0.1818,0.2326,32.575,13.4652,23.3484
A52N-H,S87N-H,4,0.8,0.3636,0.2032,77.525,32.6952,20.4106
A52N-H,L63N-H,2,0.4,0.1818,0.1671,32.575,13.4652,16.8022
A52N-H,A48N-H,1,0.2,0.0909,0.1237,10.1,3.8503,12.4721
A52N-H,K49N-H,1,0.2,0.0909,0.1193,10.1,3.8503,12.027
A52N-H,R84N-H,1,0.2,0.0909,0.1065,10.1,3.8503,10.7504
A52N-H,R94N-H,1,0.2,0.0909,0.1041,10.1,3.8503,10.5081
A52N-H,N64N-H,2,0.4,0.1818,0.0885,32.575,13.4652,8.956
A52N-H,Q47N-H,1,0.2,0.0909,0.0772,10.1,3.8503,7.8183
A52N-H,E67N-H,1,0.2,0.0909,0.0609,10.1,3.8503,6.1906
N85ND2-HD21,N85ND2-HD22,9,1,0.6429,1,100,62.2269,100
N85ND2-HD21,I91N-H,8,0.8889,0.5714,0.695,87.5139,54.6723,69.5328
N85ND2-HD21,G31N-H,4,0.4444,0.2857,0.4217,37.5694,24.4538,42.2392
N85ND2-HD21,E32N-H,4,0.4444,0.2857,0.3723,37.5694,24.4538,37.3003
N85ND2-HD21,N85N-H,3,0.3333,0.2143,0.3623,25.0833,16.8992,36.3021
N85ND2-HD21,T89N-H,4,0.4444,0.2857,0.3047,37.5694,24.4538,30.551
N85ND2-HD21,S87N-H,4,0.4444,0.2857,0.2571,37.5694,24.4538,25.7891
N85ND2-HD21,G50N-H,2,0.2222,0.1429,0.2436,12.5972,9.3445,24.4409
N85ND2-HD21,E92N-H,2,0.2222,0.1429,0.2357,12.5972,9.3445,23.6565
N85ND2-HD21,N29N-H,3,0.3333,0.2143,0.1715,25.0833,16.8992,17.242
N85ND2-HD21,D88N-H,2,0.2222,0.1429,0.1673,12.5972,9.3445,16.827
N85ND2-HD21,L86N-H,3,0.3333,0.2143,0.1414,25.0833,16.8992,14.2328
N85ND2-HD21,N73ND2-HD22,1,0.1111,0.0714,0.1277,0.1111,1.7899,12.8713
N85ND2-HD21,K49N-H,2,0.2222,0.1429,0.1267,12.5972,9.3445,12.7637
N85ND2-HD21,T42N-H,1,0.1111,0.0714,0.1237,0.1111,1.7899,12.47
N85ND2-HD21,G41N-H,1,0.1111,0.0714,0.1202,0.1111,1.7899,12.1134
N85ND2-HD21,E33N-H,1,0.1111,0.0714,0.0763,0.1111,1.7899,7.7374
N85ND2-HD21,N73ND2-HD21,1,0.1111,0.0714,0.0717,0.1111,1.7899,7.2692
N85ND2-HD21,Y34N-H,1,0.1111,0.0714,0.0711,0.1111,1.7899,7.2116
N85ND2-HD21,V28N-H,1,0.1111,0.0714,0.0689,0.1111,1.7899,6.9904
N85ND2-HD21,R94N-H,1,0.1111,0.0714,0.068,0.1111,1.7899,6.9051
N85ND2-HD21,Q77N-H,1,0.1111,0.0714,0.0607,0.1111,1.7899,6.175
N85ND2-HD21,N64N-H,1,0.1111,0.0714,0.0519,0.1111,1.7899,5.2922
N85ND2-HD21,T61N-H,1,0.1111,0.0714,0.0466,0.1111,1.7899,4.7614
N85ND2-HD21,R60N-H,1,0.1111,0.0714,0.0219,0.1111,1.7899,2.2976
N85ND2-HD21,I95N-H,1,0.1111,0.0714,0.0157,0.1111,1.7899,1.6775
T89N-H,D88N-H,7,1,0.5,1,100,47.1176,100
T89N-H,S87N-H,4,0.5714,0.2857,0.6032,51.8393,24.4538,60.3605
T89N-H,N85ND2-HD21,4,0.5714,0.2857,0.1801,51.8393,24.4538,18.1006
T89N-H,L86N-H,2,0.2857,0.1429,0.0867,19.7321,9.3445,8.769
T89N-H,Q77N-H,2,0.2857,0.1429,0.0576,19.7321,9.3445,5.8616
T89N-H,I91N-H,1,0.1429,0.0714,0.0491,3.6786,1.7899,5.0135
T89N-H,G50N-H,1,0.1429,0.0714,0.0481,3.6786,1.7899,4.9126
T89N-H,E92N-H,1,0.1429,0.0714,0.048,3.6786,1.7899,4.9022
T89N-H,K49N-H,1,0.1429,0.0714,0.0447,3.6786,1.7899,4.5783
T89N-H,G31N-H,1,0.1429,0.0714,0.044,3.6786,1.7899,4.5101
T89N-H,N85ND2-HD22,1,0.1429,0.0714,0.0428,3.6786,1.7899,4.3871
T89N-H,R94N-H,1,0.1429,0.0714,0.0379,3.6786,1.7899,3.9007
T89N-H,W9N-H,1,0.1429,0.0714,0.0278,3.6786,1.7899,2.8867
T89N-H,N64N-H,1,0.1429,0.0714,0.0234,3.6786,1.7899,2.4526
T89N-H,T61N-H,1,0.1429,0.0714,0.0191,3.6786,1.7899,2.0195
T89N-H,R60N-H,1,0.1429,0.0714,0.0099,3.6786,1.7899,1.096
T89N-H,V26N-H,1,0.1429,0.0714,0.0062,3.6786,1.7899,0.7289
T89N-H,I95N-H,2,0.2857,0.1429,0.0037,19.7321,9.3445,0.4779
T89N-H,L74N-H,1,0.1429,0.0714,0.0023,3.6786,1.7899,0.3391
T89N-H,T75N-H,1,0.1429,0.0714,0.0009,3.6786,1.7899,0.2013
T89N-H,L63N-H,1,0.1429,0.0714,0.0004,3.6786,1.7899,0.1499
T89N-H,Y34N-H,1,0.1429,0.0714,0.0002,3.6786,1.7899,0.1349
T89N-H,E35N-H,1,0.1429,0.0714,0.0002,3.6786,1.7899,0.1326
N85N-H,N85ND2-HD22,3,0.4286,0.2308,1,35.7857,18.6425,100
N85N-H,R84N-H,7,1,0.5385,0.9562,100,51.1855,95.6243
N85N-H,E32N-H,4,0.5714,0.3077,0.9197,51.8393,26.7783,91.9788
N85N-H,Y34N-H,5,0.7143,0.3846,0.7452,67.8929,34.914,74.5472
N85N-H,N29N-H,2,0.2857,0.1538,0.6475,19.7321,10.5068,64.7931
N85N-H,N85ND2-HD21,3,0.4286,0.2308,0.6292,35.7857,18.6425,62.9585
N85N-H,E33N-H,3,0.4286,0.2308,0.5994,35.7857,18.6425,59.9815
N85N-H,G31N-H,3,0.4286,0.2308,0.5157,35.7857,18.6425,51.6211
N85N-H,V28N-H,4,0.5714,0.3077,0.4021,51.8393,26.7783,40.2792
N85N-H,L86N-H,1,0.1429,0.0769,0.3993,3.6786,2.371,39.9959
N85N-H,E53N-H,4,0.5714,0.3077,0.3707,51.8393,26.7783,37.1442
N85N-H,L83N-H,3,0.4286,0.2308,0.33,35.7857,18.6425,33.0707
N85N-H,V36N-H,1,0.1429,0.0769,0.3277,3.6786,2.371,32.8458
N85N-H,Q47NE2-HE21,3,0.4286,0.2308,0.3221,35.7857,18.6425,32.2871
N85N-H,S87N-H,1,0.1429,0.0769,0.2941,3.6786,2.371,29.4923
N85N-H,F93N-H,2,0.2857,0.1538,0.2877,19.7321,10.5068,28.8503
N85N-H,I91N-H,3,0.4286,0.2308,0.2277,35.7857,18.6425,22.8518
N85N-H,E35N-H,1,0.1429,0.0769,0.1174,3.6786,2.371,11.8413
N85N-H,E92N-H,1,0.1429,0.0769,0.0642,3.6786,2.371,6.5205
N85N-H,R82N-H,1,0.1429,0.0769,0.0603,3.6786,2.371,6.1299
N85N-H,N101N-H,1,0.1429,0.0769,0.0559,3.6786,2.371,5.6901
N85N-H,G56N-H,1,0.1429,0.0769,0.0026,3.6786,2.371,0.3716
N85N-H,F54N-H,1,0.1429,0.0769,0.001,3.6786,2.371,0.2125
X39NX-HX,E32N-H,1,1,0.2,1,100,15.3882,100
X39NX-HX,I46N-H,1,1,0.2,0.0816,100,15.3882,8.2586
X39NX-HX,E45N-H,1,1,0.2,0.0137,100,15.3882,1.4759
N73N-H,N73ND2-HD22,3,1,0.375,1,100,33.8971,100
N73N-H,T42N-H,3,1,0.375,0.8403,100,33.8971,84.0452
N73N-H,E72N-H,3,1,0.375,0.6995,100,33.8971,69.9862
N73N-H,N73ND2-HD21,3,1,0.375,0.6555,100,33.8971,65.5838
N73N-H,L74N-H,2,0.6667,0.25,0.4872,62.5417,20.6765,48.7746
N73N-H,V44N-H,2,0.6667,0.25,0.4737,62.5417,20.6765,47.425
N73N-H,N39N-H,1,0.3333,0.125,0.4688,25.0833,7.4559,46.9419
N73N-H,V38N-H,2,0.6667,0.25,0.3739,62.5417,20.6765,37.461
N73N-H,R60N-H,1,0.3333,0.125,0.2823,25.0833,7.4559,28.3086
N73N-H,G41N-H,2,0.6667,0.25,0.2803,62.5417,20.6765,28.1063
N73N-H,T75N-H,1,0.3333,0.125,0.2713,25.0833,7.4559,27.2094
N73N-H,L79N-H,1,0.3333,0.125,0.2378,25.0833,7.4559,23.8639
N73N-H,R43N-H,1,0.3333,0.125,0.2026,25.0833,7.4559,20.3529
N73N-H,E55N-H,1,0.3333,0.125,0.1701,25.0833,7.4559,17.0986
N73N-H,R82N-H,1,0.3333,0.125,0.0996,25.0833,7.4559,10.0638
N73N-H,G56N-H,1,0.3333,0.125,0.0851,25.0833,7.4559,8.6151
N73N-H,T61N-H,1,0.3333,0.125,0.0606,25.0833,7.4559,6.1635
N73N-H,E35N-H,1,0.3333,0.125,0.0596,25.0833,7.4559,6.0601
N73N-H,V36N-H,1,0.3333,0.125,0.0295,25.0833,7.4559,3.0626
N73N-H,I81N-H,1,0.3333,0.125,0.0045,25.0833,7.4559,0.5574
L79N-H,N73ND2-HD22,7,1,0.4375,1,100,40.5074,100
L79N-H,N73ND2-HD21,6,0.8571,0.375,0.8855,83.9464,33.8971,88.5612
L79N-H,V38N-H,5,0.7143,0.3125,0.7158,67.8929,27.2868,71.6108
L79N-H,R80N-H,3,0.4286,0.1875,0.5378,35.7857,14.0662,53.8278
L79N-H,N39N-H,4,0.5714,0.25,0.4985,51.8393,20.6765,49.9068
L79N-H,X42NX-HX,2,0.2857,0.125,0.4027,19.7321,7.4559,40.3355
L79N-H,I81N-H,2,0.2857,0.125,0.2113,19.7321,7.4559,21.2171
L79N-H,N73N-H,1,0.1429,0.0625,0.1872,3.6786,0.8456,18.8102
L79N-H,T42N-H,1,0.1429,0.0625,0.1869,3.6786,0.8456,18.7781
L79N-H,E98N-H,1,0.1429,0.0625,0.0856,3.6786,0.8456,8.661
L79N-H,K37N-H,2,0.2857,0.125,0.0399,19.7321,7.4559,4.0999
L79N-H,I91N-H,2,0.2857,0.125,0.0025,19.7321,7.4559,0.3634
L86N-H,E53N-H,6,0.6667,0.375,1,62.5417,33.8971,100
L86N-H,S87N-H,9,1,0.5625,0.7776,100,53.7279,77.78
L86N-H,A52N-H,5,0.5556,0.3125,0.6874,50.0556,27.2868,68.773
L86N-H,N85N-H,1,0.1111,0.0625,0.2484,0.1111,0.8456,24.9226
L86N-H,G50N-H,2,0.2222,0.125,0.2323,12.5972,7.4559,23.3179
L86N-H,T89N-H,2,0.2222,0.125,0.1584,12.5972,7.4559,15.937
L86N-H,L63N-H,1,0.1111,0.0625,0.1547,0.1111,0.8456,15.5627
L86N-H,N85ND2-HD21,3,0.3333,0.1875,0.1527,25.0833,14.0662,15.3663
L86N-H,D88N-H,2,0.2222,0.125,0.1464,12.5972,7.4559,14.7353
L86N-H,R84N-H,1,0.1111,0.0625,0.1431,0.1111,0.8456,14.401
L86N-H,I91N-H,1,0.1111,0.0625,0.0928,0.1111,0.8456,9.3805
L86N-H,K49N-H,1,0.1111,0.0625,0.0743,0.1111,0.8456,7.5354
L86N-H,E92N-H,1,0.1111,0.0625,0.0668,0.1111,0.8456,6.7829
L86N-H,G41N-H,1,0.1111,0.0625,0.0025,0.1111,0.8456,0.3596
L86N-H,L74N-H,1,0.1111,0.0625,0.0001,0.1111,0.8456,0.1223
Q77N-H,S76N-H,7,1,0.4667,1,100,43.5922,100
Q77N-H,T75N-H,3,0.4286,0.2,0.3584,35.7857,15.3882,35.9113
Q77N-H,Q77NE2-HE21,1,0.1429,0.0667,0.3043,3.6786,1.2863,30.5111
Q77N-H,Q77NE2-HE22,1,0.1429,0.0667,0.2256,3.6786,1.2863,22.6504
Q77N-H,L74N-H,2,0.2857,0.1333,0.1796,19.7321,8.3373,18.0491
Q77N-H,T89N-H,2,0.2857,0.1333,0.1026,19.7321,8.3373,10.359
Q77N-H,R94N-H,1,0.1429,0.0667,0.0998,3.6786,1.2863,10.0837
Q77N-H,T61N-H,1,0.1429,0.0667,0.0985,3.6786,1.2863,9.9466
Q77N-H,G41N-H,1,0.1429,0.0667,0.0881,3.6786,1.2863,8.9083
Q77N-H,N85ND2-HD21,1,0.1429,0.0667,0.0639,3.6786,1.2863,6.4975
Q77N-H,Q47N-H,1,0.1429,0.0667,0.0611,3.6786,1.2863,6.2141
Q77N-H,N73ND2-HD21,1,0.1429,0.0667,0.0545,3.6786,1.2863,5.5581
Q77N-H,R60N-H,1,0.1429,0.0667,0.0489,3.6786,1.2863,4.9947
Q77N-H,R96N-H,1,0.1429,0.0667,0.0456,3.6786,1.2863,4.671
Q77N-H,I95N-H,1,0.1429,0.0667,0.0398,3.6786,1.2863,4.0874
E33N-H,E32N-H,5,1,0.625,1,100,60.3382,100
E33N-H,Y34N-H,4,0.8,0.5,0.7638,77.525,47.1176,76.4027
E33N-H,N29N-H,4,0.8,0.5,0.2887,77.525,47.1176,28.9516
E33N-H,N85N-H,3,0.6,0.375,0.2241,55.05,33.8971,22.4976
E33N-H,L83N-H,2,0.4,0.25,0.1195,32.575,20.6765,12.0486
E33N-H,N85ND2-HD22,1,0.2,0.125,0.0722,10.1,7.4559,7.3201
E33N-H,V28N-H,1,0.2,0.125,0.0696,10.1,7.4559,7.0682
E33N-H,E67N-H,1,0.2,0.125,0.0507,10.1,7.4559,5.1769
E33N-H,N85ND2-HD21,1,0.2,0.125,0.0496,10.1,7.4559,5.063
E33N-H,G31N-H,1,0.2,0.125,0.0487,10.1,7.4559,4.974
E33N-H,R84N-H,1,0.2,0.125,0.0371,10.1,7.4559,3.8147
E33N-H,E98N-H,1,0.2,0.125,0.0308,10.1,7.4559,3.1901
E33N-H,S68N-H,1,0.2,0.125,0.0283,10.1,7.4559,2.9333
E33N-H,E97N-H,1,0.2,0.125,0.025,10.1,7.4559,2.6131
E33N-H,N64N-H,1,0.2,0.125,0.0221,10.1,7.4559,2.3159
E33N-H,E45N-H,1,0.2,0.125,0.0181,10.1,7.4559,1.9234
E33N-H,R22N-H,1,0.2,0.125,0.0152,10.1,7.4559,1.6262
E33N-H,G56N-H,1,0.2,0.125,0.0038,10.1,7.4559,0.4919
E33N-H,V64N-H,1,0.2,0.125,0.0001,10.1,7.4559,0.1237
E33N-H,?-?,1,0.2,0.125,0.0001,10.1,7.4559,0.1184
V64N-H,E33N-H,1,1,1,1,100,100,100
T75N-H,L74N-H,4,1,0.6667,1,100,64.7451,100
T75N-H,S76N-H,3,0.75,0.5,0.7479,71.9062,47.1176,74.8164
T75N-H,Q77N-H,3,0.75,0.5,0.5071,71.9062,47.1176,50.7668
T75N-H,N73N-H,1,0.25,0.1667,0.2255,15.7188,11.8627,22.6406
T75N-H,R96N-H,1,0.25,0.1667,0.1271,15.7188,11.8627,12.811
T75N-H,Q47N-H,1,0.25,0.1667,0.0997,15.7188,11.8627,10.0696
T75N-H,D88N-H,1,0.25,0.1667,0.0047,15.7188,11.8627,0.584
T75N-H,W9N-H,1,0.25,0.1667,0.0036,15.7188,11.8627,0.4711
T75N-H,T89N-H,1,0.25,0.1667,0.0023,15.7188,11.8627,0.3387
S76N-H,Q77N-H,7,1,1,1,100,100,100
S76N-H,T75N-H,3,0.4286,0.4286,0.5286,35.7857,39.563,52.9079
S76N-H,L74N-H,1,0.1429,0.1429,0.2529,3.6786,9.3445,25.3687
S76N-H,Q77NE2-HE21,1,0.1429,0.1429,0.0858,3.6786,9.3445,8.6797
S76N-H,Q77NE2-HE22,1,0.1429,0.1429,0.0773,3.6786,9.3445,7.8313
S76N-H,R96N-H,1,0.1429,0.1429,0.0587,3.6786,9.3445,5.9712
S76N-H,Q47N-H,1,0.1429,0.1429,0.0563,3.6786,9.3445,5.7319
N73ND2-HD21,N73ND2-HD22,8,1,0.8,1,100,78.8471,100
N73ND2-HD21,L79N-H,6,0.75,0.6,0.7174,71.9062,57.6941,71.7757
N73ND2-HD21,T42N-H,4,0.5,0.4,0.4592,43.8125,36.5412,45.9782
N73ND2-HD21,N73N-H,3,0.375,0.3,0.4181,29.7656,25.9647,41.8723
N73ND2-HD21,G41N-H,4,0.5,0.4,0.4093,43.8125,36.5412,40.9928
N73ND2-HD21,X42NX-HX,2,0.25,0.2,0.2528,15.7188,15.3882,25.3625
N73ND2-HD21,V38N-H,2,0.25,0.2,0.1924,15.7188,15.3882,19.3336
N73ND2-HD21,R80N-H,2,0.25,0.2,0.1446,15.7188,15.3882,14.5522
N73ND2-HD21,G31N-H,1,0.125,0.1,0.141,1.6719,4.8118,14.1934
N73ND2-HD21,N39N-H,1,0.125,0.1,0.1361,1.6719,4.8118,13.7068
N73ND2-HD21,N85ND2-HD22,1,0.125,0.1,0.1344,1.6719,4.8118,13.5383
N73ND2-HD21,E32N-H,1,0.125,0.1,0.1042,1.6719,4.8118,10.5181
N73ND2-HD21,L74N-H,1,0.125,0.1,0.0855,1.6719,4.8118,8.6554
N73ND2-HD21,N85ND2-HD21,1,0.125,0.1,0.0819,1.6719,4.8118,8.2948
N73ND2-HD21,Q77N-H,1,0.125,0.1,0.0592,1.6719,4.8118,6.024
N73ND2-HD21,R22N-H,1,0.125,0.1,0,1.6719,4.8118,0.1156
N29ND2-HD21,N29N-H,2,1,1,1,100,100,100
N29ND2-HD21,N29ND2-HD22,2,1,1,0.7597,100,100,76.0007
N29ND2-HD22,N29N-H,2,1,1,1,100,100,100
N29ND2-HD22,N29ND2-HD21,2,1,1,0.9836,100,100,98.3625
E35N-H,V36N-H,4,1,0.5714,1,100,54.6723,100
E35N-H,Y34N-H,4,1,0.5714,0.6743,100,54.6723,67.4691
E35N-H,L83N-H,2,0.5,0.2857,0.2883,43.8125,24.4538,28.9067
E35N-H,I81N-H,2,0.5,0.2857,0.1465,43.8125,24.4538,14.7447
E35N-H,R82N-H,2,0.5,0.2857,0.1054,43.8125,24.4538,10.6428
E35N-H,N85N-H,1,0.25,0.1429,0.084,15.7188,9.3445,8.499
E35N-H,F71N-H,1,0.25,0.1429,0.0774,15.7188,9.3445,7.847
E35N-H,E72N-H,2,0.5,0.2857,0.0681,43.8125,24.4538,6.9101
E35N-H,R60N-H,1,0.25,0.1429,0.0598,15.7188,9.3445,6.0882
E35N-H,N101N-H,1,0.25,0.1429,0.0492,15.7188,9.3445,5.0306
E35N-H,N73N-H,1,0.25,0.1429,0.0413,15.7188,9.3445,4.2325
E35N-H,D88N-H,1,0.25,0.1429,0.0396,15.7188,9.3445,4.0661
E35N-H,F93N-H,1,0.25,0.1429,0.0301,15.7188,9.3445,3.12
E35N-H,R84N-H,1,0.25,0.1429,0.0283,15.7188,9.3445,2.9372
E35N-H,S87N-H,1,0.25,0.1429,0.0217,15.7188,9.3445,2.2739
E35N-H,E92N-H,1,0.25,0.1429,0.0135,15.7188,9.3445,1.4563
E35N-H,V28N-H,1,0.25,0.1429,0.0082,15.7188,9.3445,0.9289
E35N-H,V26N-H,1,0.25,0.1429,0.0061,15.7188,9.3445,0.7244
E35N-H,E55N-H,1,0.25,0.1429,0.0044,15.7188,9.3445,0.5522
E35N-H,T89N-H,1,0.25,0.1429,0.0005,15.7188,9.3445,0.1563
N39ND2-HD21,N39N-H,2,1,1,1,100,100,100
N39ND2-HD21,N39ND2-HD22,2,1,1,0.4986,100,100,49.9161
N39ND2-HD22,N39N-H,2,1,1,1,100,100,100
N39ND2-HD22,N39ND2-HD21,2,1,1,0.6855,100,100,68.5833
Q47NE2-HE22,Q47NE2-HE21,3,1,1,1,100,100,100
Q47NE2-HE22,Q47N-H,3,1,1,0.6791,100,100,67.9464
Q47NE2-HE22,A48N-H,3,1,1,0.6509,100,100,65.1294
Q47NE2-HE22,Y69N-H,1,0.3333,0.3333,0.0455,25.0833,29.4902,4.6537
Q47NE2-HE22,R82N-H,1,0.3333,0.3333,0.0439,25.0833,29.4902,4.4913
Q47NE2-HE22,R96N-H,1,0.3333,0.3333,0.0393,25.0833,29.4902,4.0356
Q47NE2-HE22,G56N-H,1,0.3333,0.3333,0.011,25.0833,29.4902,1.2135
Q47NE2-HE22,E55N-H,1,0.3333,0.3333,0.0032,25.0833,29.4902,0.4341
N64ND2-HD21,N64N-H,2,1,1,1,100,100,100
N64ND2-HD21,N64ND2-HD22,2,1,1,0.7841,100,100,78.4291
N64ND2-HD21,E67N-H,1,0.5,0.5,0.1636,43.8125,47.1176,16.4565
N64ND2-HD22,N64N-H,2,1,1,1,100,100,100
N64ND2-HD22,N64ND2-HD21,2,1,1,0.9764,100,100,97.639
N64ND2-HD22,E67N-H,1,0.5,0.5,0.2052,43.8125,47.1176,20.6047
K70N-H,F71N-H,5,1,0.625,1,100,60.3382,100
K70N-H,I46N-H,2,0.4,0.25,0.3973,32.575,20.6765,39.7931
K70N-H,Y69N-H,2,0.4,0.25,0.396,32.575,20.6765,39.6662
K70N-H,E55N-H,1,0.2,0.125,0.2852,10.1,7.4559,28.6028
K70N-H,G56N-H,1,0.2,0.125,0.2751,10.1,7.4559,27.5871
K70N-H,T59N-H,1,0.2,0.125,0.1381,10.1,7.4559,13.9028
K70N-H,T61N-H,1,0.2,0.125,0.1316,10.1,7.4559,13.2578
K70N-H,F54N-H,1,0.2,0.125,0.0278,10.1,7.4559,2.8845
K70N-H,L63N-H,1,0.2,0.125,0.0272,10.1,7.4559,2.8293
K70N-H,E53N-H,1,0.2,0.125,0.0212,10.1,7.4559,2.2277
K70N-H,E72N-H,1,0.2,0.125,0,10.1,7.4559,0.1144
Q77NE2-HE21,Q77N-H,1,1,1,1,100,100,100
Q77NE2-HE21,Q77NE2-HE22,1,1,1,0.7404,100,100,74.0727
Q77NE2-HE21,S76N-H,1,1,1,0.2819,100,100,28.266
Q77NE2-HE22,Q77N-H,1,1,1,1,100,100,100
Q77NE2-HE22,Q77NE2-HE21,1,1,1,0.9987,100,100,99.8674
Q77NE2-HE22,S76N-H,1,1,1,0.3425,100,100,34.3252
G56N-H,F54N-H,1,0.1667,0.1,1,6.3542,4.8118,100
G56N-H,T61N-H,4,0.6667,0.4,0.8813,62.5417,36.5412,88.1455
G56N-H,E55N-H,4,0.6667,0.4,0.8419,62.5417,36.5412,84.2123
G56N-H,R60N-H,4,0.6667,0.4,0.6386,62.5417,36.5412,63.9023
G56N-H,F71N-H,1,0.1667,0.1,0.6175,6.3542,4.8118,61.796
G56N-H,T59N-H,3,0.5,0.3,0.4986,43.8125,25.9647,49.9185
G56N-H,R82N-H,6,1,0.6,0.4205,100,57.6941,42.1098
G56N-H,L63N-H,1,0.1667,0.1,0.3707,6.3542,4.8118,37.1428
G56N-H,E53N-H,1,0.1667,0.1,0.3257,6.3542,4.8118,32.6432
G56N-H,K70N-H,1,0.1667,0.1,0.1764,6.3542,4.8118,17.7299
G56N-H,I46N-H,2,0.3333,0.2,0.1665,25.0833,15.3882,16.7436
G56N-H,E72N-H,1,0.1667,0.1,0.1152,6.3542,4.8118,11.6196
G56N-H,I81N-H,2,0.3333,0.2,0.0916,25.0833,15.3882,9.2626
G56N-H,N73N-H,1,0.1667,0.1,0.0774,6.3542,4.8118,7.8466
G56N-H,E97N-H,1,0.1667,0.1,0.0679,6.3542,4.8118,6.8901
G56N-H,Y69N-H,1,0.1667,0.1,0.0514,6.3542,4.8118,5.2468
G56N-H,Q47N-H,1,0.1667,0.1,0.0289,6.3542,4.8118,2.9954
G56N-H,R96N-H,2,0.3333,0.2,0.0193,25.0833,15.3882,2.0413
G56N-H,Q47NE2-HE21,1,0.1667,0.1,0.0188,6.3542,4.8118,1.9919
G56N-H,A48N-H,1,0.1667,0.1,0.0188,6.3542,4.8118,1.9889
G56N-H,G41N-H,1,0.1667,0.1,0.0118,6.3542,4.8118,1.2938
G56N-H,E33N-H,1,0.1667,0.1,0.0096,6.3542,4.8118,1.0674
G56N-H,Q47NE2-HE22,1,0.1667,0.1,0.0092,6.3542,4.8118,1.0251
G56N-H,T42N-H,1,0.1667,0.1,0.007,6.3542,4.8118,0.8147
G56N-H,I95N-H,1,0.1667,0.1,0.0051,6.3542,4.8118,0.6228
G56N-H,N85N-H,1,0.1667,0.1,0.0024,6.3542,4.8118,0.3557
G56N-H,Y34N-H,1,0.1667,0.1,0.0011,6.3542,4.8118,0.2235
G56N-H,E45N-H,1,0.1667,0.1,0.0004,6.3542,4.8118,0.1505
D88N-H,T89N-H,7,1,1,1,100,100,100
D88N-H,S87N-H,3,0.4286,0.4286,0.9775,35.7857,39.563,97.7574
D88N-H,N85ND2-HD21,2,0.2857,0.2857,0.0989,19.7321,24.4538,9.99
D88N-H,L86N-H,2,0.2857,0.2857,0.0801,19.7321,24.4538,8.1116
D88N-H,W9N-H,1,0.1429,0.1429,0.029,3.6786,9.3445,3.0042
D88N-H,N64N-H,1,0.1429,0.1429,0.019,3.6786,9.3445,2.0042
D88N-H,E35N-H,1,0.1429,0.1429,0.0188,3.6786,9.3445,1.9934
D88N-H,Y34N-H,1,0.1429,0.1429,0.0091,3.6786,9.3445,1.0195
D88N-H,V26N-H,1,0.1429,0.1429,0.0076,3.6786,9.3445,0.8698
D88N-H,L74N-H,1,0.1429,0.1429,0.004,3.6786,9.3445,0.5061
D88N-H,T75N-H,1,0.1429,0.1429,0.0019,3.6786,9.3445,0.2986
D88N-H,L63N-H,1,0.1429,0.1429,0.0001,3.6786,9.3445,0.1205
D88N-H,I95N-H,1,0.1429,0.1429,0.0001,3.6786,9.3445,0.12
G31N-H,G41N-H,4,0.6667,0.5,1,62.5417,47.1176,100
G31N-H,E32N-H,6,1,0.75,0.6964,100,73.5588,69.6787
G31N-H,N85ND2-HD22,4,0.6667,0.5,0.395,62.5417,47.1176,39.568
G31N-H,N85ND2-HD21,4,0.6667,0.5,0.3393,62.5417,47.1176,34.0057
G31N-H,T42N-H,3,0.5,0.375,0.2669,43.8125,33.8971,26.7758
G31N-H,N85N-H,3,0.5,0.375,0.2389,43.8125,33.8971,23.9762
G31N-H,N73ND2-HD22,1,0.1667,0.125,0.1437,6.3542,7.4559,14.4683
G31N-H,N73ND2-HD21,1,0.1667,0.125,0.0992,6.3542,7.4559,10.0213
G31N-H,E33N-H,1,0.1667,0.125,0.0603,6.3542,7.4559,6.1366
G31N-H,T89N-H,1,0.1667,0.125,0.06,6.3542,7.4559,6.0998
G31N-H,N29N-H,1,0.1667,0.125,0.059,6.3542,7.4559,6.0029
G31N-H,Y34N-H,1,0.1667,0.125,0.0575,6.3542,7.4559,5.8568
G31N-H,I91N-H,1,0.1667,0.125,0.0559,6.3542,7.4559,5.6965
G31N-H,V28N-H,1,0.1667,0.125,0.0537,6.3542,7.4559,5.4782
X42NX-HX,L79N-H,2,1,0.5,1,100,47.1176,100
X42NX-HX,N73ND2-HD21,2,1,0.5,0.7748,100,47.1176,77.5051
X42NX-HX,N73ND2-HD22,1,0.5,0.25,0.7708,43.8125,20.6765,77.1034
X42NX-HX,V38N-H,1,0.5,0.25,0.1277,43.8125,20.6765,12.8653
X42NX-HX,R22N-H,1,0.5,0.25,0.0677,43.8125,20.6765,6.8745
R80N-H,I81N-H,6,1,0.6667,1,100,64.7451,100
R80N-H,L79N-H,3,0.5,0.3333,0.5797,43.8125,29.4902,58.0138
R80N-H,V38N-H,3,0.5,0.3333,0.3984,43.8125,29.4902,39.9029
R80N-H,N73ND2-HD21,2,0.3333,0.2222,0.1923,25.0833,17.7386,19.3236
R80N-H,N73ND2-HD22,2,0.3333,0.2222,0.1608,25.0833,17.7386,16.1761
R80N-H,V88N-H,1,0.1667,0.1111,0.0488,6.3542,5.9869,4.9864
R80N-H,T61N-H,1,0.1667,0.1111,0.0095,6.3542,5.9869,1.0626
R80N-H,R60N-H,1,0.1667,0.1111,0.0042,6.3542,5.9869,0.5304
V88N-H,I81N-H,1,1,1,1,100,100,100
V88N-H,R80N-H,1,1,1,0.7666,100,100,76.6839
V88N-H,V38N-H,1,1,1,0.3294,100,100,33.0137
E53N-H,A52N-H,4,0.6667,0.3333,1,62.5417,29.4902,100
E53N-H,L86N-H,6,1,0.5,0.7572,100,47.1176,75.7425
E53N-H,F54N-H,3,0.5,0.25,0.7206,43.8125,20.6765,72.0934
E53N-H,L63N-H,4,0.6667,0.3333,0.5277,62.5417,29.4902,52.819
E53N-H,R84N-H,5,0.8333,0.4167,0.4197,81.2708,38.3039,42.0337
E53N-H,N85N-H,4,0.6667,0.3333,0.1746,62.5417,29.4902,17.5541
E53N-H,G50N-H,2,0.3333,0.1667,0.1669,25.0833,11.8627,16.7817
E53N-H,G56N-H,1,0.1667,0.0833,0.1634,6.3542,3.049,16.4315
E53N-H,S87N-H,3,0.5,0.25,0.1424,43.8125,20.6765,14.3361
E53N-H,T61N-H,3,0.5,0.25,0.1225,43.8125,20.6765,12.3473
E53N-H,E55N-H,1,0.1667,0.0833,0.0748,6.3542,3.049,7.5789
E53N-H,R94N-H,1,0.1667,0.0833,0.0682,6.3542,3.049,6.9218
E53N-H,A48N-H,1,0.1667,0.0833,0.0677,6.3542,3.049,6.8695
E53N-H,Q47N-H,1,0.1667,0.0833,0.063,6.3542,3.049,6.4084
E53N-H,K49N-H,1,0.1667,0.0833,0.0621,6.3542,3.049,6.314
E53N-H,Q47NE2-HE21,1,0.1667,0.0833,0.0617,6.3542,3.049,6.2733
E53N-H,E67N-H,1,0.1667,0.0833,0.0544,6.3542,3.049,5.5455
E53N-H,T59N-H,1,0.1667,0.0833,0.0258,6.3542,3.049,2.6869
E53N-H,I46N-H,1,0.1667,0.0833,0.0129,6.3542,3.049,1.4022
E53N-H,F71N-H,1,0.1667,0.0833,0.0103,6.3542,3.049,1.1436
E53N-H,K70N-H,1,0.1667,0.0833,0.0068,6.3542,3.049,0.792
E53N-H,G41N-H,1,0.1667,0.0833,0.0034,6.3542,3.049,0.4482
E53N-H,L74N-H,1,0.1667,0.0833,0.0008,6.3542,3.049,0.1892
E53N-H,E98N-H,1,0.1667,0.0833,0,6.3542,3.049,0.1113
V26N-H,T27N-H,5,0.8333,0.3846,1,81.2708,34.914,100
V26N-H,F93N-H,6,1,0.4615,0.752,100,43.0498,75.2226
V26N-H,V28N-H,4,0.6667,0.3077,0.359,62.5417,26.7783,35.9676
V26N-H,E92N-H,3,0.5,0.2308,0.3505,43.8125,18.6425,35.1215
V26N-H,I95N-H,3,0.5,0.2308,0.1413,43.8125,18.6425,14.223
V26N-H,K37N-H,1,0.1667,0.0769,0.1075,6.3542,2.371,10.8442
V26N-H,V38N-H,1,0.1667,0.0769,0.0487,6.3542,2.371,4.9774
V26N-H,R84N-H,2,0.3333,0.1538,0.046,25.0833,10.5068,4.701
V26N-H,D88N-H,1,0.1667,0.0769,0.0233,6.3542,2.371,2.4426
V26N-H,T61N-H,1,0.1667,0.0769,0.0198,6.3542,2.371,2.092
V26N-H,T89N-H,1,0.1667,0.0769,0.019,6.3542,2.371,2.0095
V26N-H,I91N-H,1,0.1667,0.0769,0.0163,6.3542,2.371,1.7384
V26N-H,E35N-H,1,0.1667,0.0769,0.009,6.3542,2.371,1.008
V26N-H,L83N-H,1,0.1667,0.0769,0.0088,6.3542,2.371,0.994
V26N-H,V36N-H,1,0.1667,0.0769,0.0062,6.3542,2.371,0.7343
V26N-H,R94N-H,1,0.1667,0.0769,0.0016,6.3542,2.371,0.274
V26N-H,Y34N-H,1,0.1667,0.0769,0.0015,6.3542,2.371,0.2611
V26N-H,R82N-H,1,0.1667,0.0769,0.0008,6.3542,2.371,0.1915
V26N-H,N101N-H,1,0.1667,0.0769,0.0005,6.3542,2.371,0.1571
V36N-H,E35N-H,4,0.6667,0.4,1,62.5417,36.5412,100
V36N-H,K37N-H,5,0.8333,0.5,0.846,81.2708,47.1176,84.6158
V36N-H,I81N-H,6,1,0.6,0.4647,100,57.6941,46.5276
V36N-H,L83N-H,3,0.5,0.3,0.3876,43.8125,25.9647,38.8249
V36N-H,N85N-H,1,0.1667,0.1,0.2343,6.3542,4.8118,23.5189
V36N-H,R82N-H,3,0.5,0.3,0.2106,43.8125,25.9647,21.145
V36N-H,Y34N-H,2,0.3333,0.2,0.125,25.0833,15.3882,12.5986
V36N-H,V38N-H,3,0.5,0.3,0.0887,43.8125,25.9647,8.9741
V36N-H,F93N-H,1,0.1667,0.1,0.0851,6.3542,4.8118,8.6085
V36N-H,N101N-H,1,0.1667,0.1,0.0553,6.3542,4.8118,5.6327
V36N-H,R84N-H,1,0.1667,0.1,0.0494,6.3542,4.8118,5.0416
V36N-H,R60N-H,1,0.1667,0.1,0.0251,6.3542,4.8118,2.6145
V36N-H,E92N-H,1,0.1667,0.1,0.0209,6.3542,4.8118,2.2028
V36N-H,N73N-H,1,0.1667,0.1,0.0205,6.3542,4.8118,2.1559
V36N-H,V28N-H,1,0.1667,0.1,0.0112,6.3542,4.8118,1.2294
V36N-H,E72N-H,1,0.1667,0.1,0.0088,6.3542,4.8118,0.9862
V36N-H,F54N-H,1,0.1667,0.1,0.0071,6.3542,4.8118,0.8182
V36N-H,V26N-H,1,0.1667,0.1,0.0043,6.3542,4.8118,0.5372
V36N-H,E55N-H,1,0.1667,0.1,0.0009,6.3542,4.8118,0.2004
V36N-H,N73ND2-HD22,1,0.1667,0.1,0,6.3542,4.8118,0.1132
E98N-H,E45N-H,5,1,0.3125,1,100,27.2868,100
E98N-H,R43N-H,5,1,0.3125,0.6063,100,27.2868,60.6769
E98N-H,V44N-H,5,1,0.3125,0.5593,100,27.2868,55.9818
E98N-H,T42N-H,3,0.6,0.1875,0.5156,55.05,14.0662,51.6102
E98N-H,R94N-H,1,0.2,0.0625,0.4655,10.1,0.8456,46.6066
E98N-H,N39N-H,3,0.6,0.1875,0.436,55.05,14.0662,43.6589
E98N-H,E97N-H,4,0.8,0.25,0.3769,77.525,20.6765,37.7613
E98N-H,Q47N-H,2,0.4,0.125,0.2283,32.575,7.4559,22.9191
E98N-H,V38N-H,2,0.4,0.125,0.1878,32.575,7.4559,18.8685
E98N-H,R22N-H,3,0.6,0.1875,0.1845,55.05,14.0662,18.5383
E98N-H,I46N-H,2,0.4,0.125,0.178,32.575,7.4559,17.893
E98N-H,N29N-H,1,0.2,0.0625,0.1642,10.1,0.8456,16.5172
E98N-H,E32N-H,1,0.2,0.0625,0.1065,10.1,0.8456,10.7488
E98N-H,F71N-H,1,0.2,0.0625,0.1059,10.1,0.8456,10.6888
E98N-H,L79N-H,1,0.2,0.0625,0.1031,10.1,0.8456,10.4056
E98N-H,S68N-H,1,0.2,0.0625,0.1007,10.1,0.8456,10.1679
E98N-H,N73ND2-HD22,1,0.2,0.0625,0.1003,10.1,0.8456,10.1307
E98N-H,E33N-H,1,0.2,0.0625,0.0807,10.1,0.8456,8.1675
E98N-H,I95N-H,2,0.4,0.125,0.0461,32.575,7.4559,4.7203
E98N-H,N64N-H,1,0.2,0.0625,0.0298,10.1,0.8456,3.0893
E98N-H,T61N-H,1,0.2,0.0625,0.0281,10.1,0.8456,2.9133
E98N-H,E67N-H,1,0.2,0.0625,0.0227,10.1,0.8456,2.3834
E98N-H,R60N-H,1,0.2,0.0625,0.0173,10.1,0.8456,1.8403
E98N-H,E53N-H,1,0.2,0.0625,0,10.1,0.8456,0.1115
L63N-H,F54N-H,6,1,0.4,1,100,36.5412,100
L63N-H,R62N-H,6,1,0.4,0.9373,100,36.5412,93.7382
L63N-H,E53N-H,4,0.6667,0.2667,0.8179,62.5417,22.4392,81.8062
L63N-H,N64N-H,5,0.8333,0.3333,0.3446,81.2708,29.4902,34.5297
L63N-H,T61N-H,3,0.5,0.2,0.3218,43.8125,15.3882,32.2566
L63N-H,G56N-H,1,0.1667,0.0667,0.2883,6.3542,1.2863,28.9057
L63N-H,A52N-H,2,0.3333,0.1333,0.259,25.0833,8.3373,25.9816
L63N-H,R84N-H,2,0.3333,0.1333,0.2063,25.0833,8.3373,20.7187
L63N-H,L86N-H,1,0.1667,0.0667,0.1815,6.3542,1.2863,18.2444
L63N-H,E55N-H,1,0.1667,0.0667,0.1304,6.3542,1.2863,13.1393
L63N-H,Y69N-H,1,0.1667,0.0667,0.1262,6.3542,1.2863,12.7191
L63N-H,G50N-H,2,0.3333,0.1333,0.1188,25.0833,8.3373,11.9781
L63N-H,A48N-H,1,0.1667,0.0667,0.0729,6.3542,1.2863,7.3976
L63N-H,S87N-H,1,0.1667,0.0667,0.0682,6.3542,1.2863,6.9237
L63N-H,I46N-H,2,0.3333,0.1333,0.0489,25.0833,8.3373,4.9958
L63N-H,T59N-H,1,0.1667,0.0667,0.044,6.3542,1.2863,4.5064
L63N-H,R43N-H,1,0.1667,0.0667,0.0257,6.3542,1.2863,2.6788
L63N-H,F71N-H,1,0.1667,0.0667,0.0218,6.3542,1.2863,2.2882
L63N-H,K70N-H,1,0.1667,0.0667,0.0136,6.3542,1.2863,1.4664
L63N-H,V44N-H,1,0.1667,0.0667,0.0082,6.3542,1.2863,0.927
L63N-H,T89N-H,1,0.1667,0.0667,0.0008,6.3542,1.2863,0.1944
L63N-H,D88N-H,1,0.1667,0.0667,0.0002,6.3542,1.2863,0.1314
W9N-H,D88N-H,1,1,1,1,100,100,100
W9N-H,T89N-H,1,1,1,0.9594,100,100,95.942
W9N-H,L74N-H,1,1,1,0.0888,100,100,8.9819
W9N-H,N64N-H,1,1,1,0.0838,100,100,8.4787
W9N-H,T75N-H,1,1,1,0.0493,100,100,5.0402
E55N-H,G56N-H,4,1,0.3333,1,100,29.4902,100
E55N-H,F54N-H,4,1,0.3333,0.8078,100,29.4902,80.8062
E55N-H,T61N-H,4,1,0.3333,0.6204,100,29.4902,62.0852
E55N-H,R84N-H,3,0.75,0.25,0.4097,71.9062,20.6765,41.0339
E55N-H,F71N-H,1,0.25,0.0833,0.3554,15.7188,3.049,35.6111
E55N-H,R82N-H,4,1,0.3333,0.3206,100,29.4902,32.132
E55N-H,L83N-H,3,0.75,0.25,0.2947,71.9062,20.6765,29.5444
E55N-H,E72N-H,1,0.25,0.0833,0.2196,15.7188,3.049,22.0419
E55N-H,I46N-H,2,0.5,0.1667,0.2175,43.8125,11.8627,21.8367
E55N-H,K70N-H,1,0.25,0.0833,0.2172,15.7188,3.049,21.8109
E55N-H,R60N-H,1,0.25,0.0833,0.2072,15.7188,3.049,20.8067
E55N-H,L63N-H,1,0.25,0.0833,0.1992,15.7188,3.049,20.0115
E55N-H,N73N-H,1,0.25,0.0833,0.1837,15.7188,3.049,18.464
E55N-H,E53N-H,1,0.25,0.0833,0.177,15.7188,3.049,17.7915
E55N-H,T59N-H,1,0.25,0.0833,0.1596,15.7188,3.049,16.0485
E55N-H,K37N-H,1,0.25,0.0833,0.0629,15.7188,3.049,6.392
E55N-H,V38N-H,1,0.25,0.0833,0.0574,15.7188,3.049,5.8453
E55N-H,Y69N-H,1,0.25,0.0833,0.0434,15.7188,3.049,4.4474
E55N-H,Q47N-H,1,0.25,0.0833,0.0215,15.7188,3.049,2.2628
E55N-H,I81N-H,1,0.25,0.0833,0.0206,15.7188,3.049,2.1691
E55N-H,I95N-H,1,0.25,0.0833,0.0106,15.7188,3.049,1.1666
E55N-H,Q47NE2-HE21,1,0.25,0.0833,0.0102,15.7188,3.049,1.1332
E55N-H,A48N-H,1,0.25,0.0833,0.0096,15.7188,3.049,1.0658
E55N-H,G99N-H,1,0.25,0.0833,0.0074,15.7188,3.049,0.8546
E55N-H,E35N-H,1,0.25,0.0833,0.0069,15.7188,3.049,0.7989
E55N-H,Q47NE2-HE22,1,0.25,0.0833,0.0032,15.7188,3.049,0.4292
E55N-H,E45N-H,2,0.5,0.1667,0.0015,43.8125,11.8627,0.2579
E55N-H,V36N-H,1,0.25,0.0833,0.0014,15.7188,3.049,0.2504
E55N-H,R94N-H,1,0.25,0.0833,0,15.7188,3.049,0.1127
E55N-H,R22N-H,1,0.25,0.0833,0,15.7188,3.049,0.1112
F71N-H,K70N-H,5,1,0.5,1,100,47.1176,100
F71N-H,G56N-H,1,0.2,0.1,0.963,10.1,4.8118,96.307
F71N-H,V44N-H,2,0.4,0.2,0.8843,32.575,15.3882,88.4467
F71N-H,E45N-H,3,0.6,0.3,0.8782,55.05,25.9647,87.8294
F71N-H,I46N-H,3,0.6,0.3,0.5898,55.05,25.9647,59.0273
F71N-H,E55N-H,1,0.2,0.1,0.4666,10.1,4.8118,46.7223
F71N-H,E72N-H,3,0.6,0.3,0.277,55.05,25.9647,27.7819
F71N-H,T61N-H,1,0.2,0.1,0.2086,10.1,4.8118,20.947
F71N-H,Y34N-H,1,0.2,0.1,0.1837,10.1,4.8118,18.4618
F71N-H,E35N-H,1,0.2,0.1,0.1586,10.1,4.8118,15.9508
F71N-H,E98N-H,1,0.2,0.1,0.1585,10.1,4.8118,15.9409
F71N-H,T59N-H,1,0.2,0.1,0.1541,10.1,4.8118,15.5031
F71N-H,Q47N-H,1,0.2,0.1,0.1069,10.1,4.8118,10.789
F71N-H,V38N-H,2,0.4,0.2,0.0718,32.575,15.3882,7.2828
F71N-H,F54N-H,1,0.2,0.1,0.0658,10.1,4.8118,6.6814
F71N-H,Y69N-H,2,0.4,0.2,0.0454,32.575,15.3882,4.6427
F71N-H,L63N-H,1,0.2,0.1,0.0437,10.1,4.8118,4.4774
F71N-H,E53N-H,1,0.2,0.1,0.0321,10.1,4.8118,3.3206
R82N-H,L83N-H,5,0.8333,0.3333,1,81.2708,29.4902,100
R82N-H,I81N-H,5,0.8333,0.3333,0.8232,81.2708,29.4902,82.3353
R82N-H,G56N-H,6,1,0.4,0.4748,100,36.5412,47.5428
R82N-H,V36N-H,3,0.5,0.2,0.3122,43.8125,15.3882,31.301
R82N-H,E55N-H,4,0.6667,0.2667,0.3048,62.5417,22.4392,30.5586
R82N-H,Y34N-H,2,0.3333,0.1333,0.2019,25.0833,8.3373,20.279
R82N-H,X89NX-HX,1,0.1667,0.0667,0.1574,6.3542,1.2863,15.8329
R82N-H,E35N-H,2,0.3333,0.1333,0.1563,25.0833,8.3373,15.7279
R82N-H,N73N-H,1,0.1667,0.0667,0.1024,6.3542,1.2863,10.3355
R82N-H,R60N-H,1,0.1667,0.0667,0.0973,6.3542,1.2863,9.8307
R82N-H,Q47N-H,1,0.1667,0.0667,0.0901,6.3542,1.2863,9.1074
R82N-H,N101N-H,1,0.1667,0.0667,0.0878,6.3542,1.2863,8.8764
R82N-H,Y69N-H,1,0.1667,0.0667,0.0773,6.3542,1.2863,7.8332
R82N-H,E72N-H,1,0.1667,0.0667,0.0741,6.3542,1.2863,7.5109
R82N-H,Q47NE2-HE21,1,0.1667,0.0667,0.0647,6.3542,1.2863,6.5698
R82N-H,N85N-H,1,0.1667,0.0667,0.0639,6.3542,1.2863,6.4931
R82N-H,A48N-H,1,0.1667,0.0667,0.0608,6.3542,1.2863,6.1868
R82N-H,R84N-H,2,0.3333,0.1333,0.0497,25.0833,8.3373,5.0739
R82N-H,Q47NE2-HE22,1,0.1667,0.0667,0.0411,6.3542,1.2863,4.2125
R82N-H,V38N-H,1,0.1667,0.0667,0.0185,6.3542,1.2863,1.9583
R82N-H,K37N-H,1,0.1667,0.0667,0.0166,6.3542,1.2863,1.7697
R82N-H,F54N-H,1,0.1667,0.0667,0.0122,6.3542,1.2863,1.3313
R82N-H,F93N-H,1,0.1667,0.0667,0.0106,6.3542,1.2863,1.1701
R82N-H,I95N-H,1,0.1667,0.0667,0.008,6.3542,1.2863,0.9109
R82N-H,T61N-H,1,0.1667,0.0667,0.0055,6.3542,1.2863,0.6621
R82N-H,E92N-H,1,0.1667,0.0667,0.0052,6.3542,1.2863,0.6329
R82N-H,V28N-H,1,0.1667,0.0667,0.0039,6.3542,1.2863,0.5046
R82N-H,R96N-H,1,0.1667,0.0667,0.0027,6.3542,1.2863,0.3821
R82N-H,V26N-H,1,0.1667,0.0667,0.0008,6.3542,1.2863,0.1926
R82N-H,T42N-H,1,0.1667,0.0667,0.0007,6.3542,1.2863,0.1856
R82N-H,G41N-H,1,0.1667,0.0667,0.0007,6.3542,1.2863,0.1772
L74N-H,T75N-H,4,1,0.4444,1,100,41.2418,100
L74N-H,N73N-H,2,0.5,0.2222,0.405,43.8125,17.7386,40.5699
L74N-H,S76N-H,1,0.25,0.1111,0.3578,15.7188,5.9869,35.8495
L74N-H,Q77N-H,2,0.5,0.2222,0.2541,43.8125,17.7386,25.4926
L74N-H,G41N-H,2,0.5,0.2222,0.193,43.8125,17.7386,19.3862
L74N-H,N73ND2-HD21,1,0.25,0.1111,0.1115,15.7188,5.9869,11.2482
L74N-H,N73ND2-HD22,1,0.25,0.1111,0.0847,15.7188,5.9869,8.5746
L74N-H,T42N-H,1,0.25,0.1111,0.0388,15.7188,5.9869,3.9901
L74N-H,D88N-H,1,0.25,0.1111,0.01,15.7188,5.9869,1.1072
L74N-H,W9N-H,1,0.25,0.1111,0.0065,15.7188,5.9869,0.759
L74N-H,T89N-H,1,0.25,0.1111,0.0058,15.7188,5.9869,0.686
L74N-H,I95N-H,1,0.25,0.1111,0.0016,15.7188,5.9869,0.274
L74N-H,E53N-H,1,0.25,0.1111,0.0014,15.7188,5.9869,0.2534
L74N-H,R60N-H,1,0.25,0.1111,0.0009,15.7188,5.9869,0.2044
L74N-H,L86N-H,1,0.25,0.1111,0.0002,15.7188,5.9869,0.1266
G41N-H,G31N-H,4,0.8,0.4444,1,77.525,41.2418,100
G41N-H,T42N-H,5,1,0.5556,0.4505,100,52.9935,45.1064
G41N-H,N73ND2-HD21,4,0.8,0.4444,0.288,77.525,41.2418,28.8809
G41N-H,E32N-H,3,0.6,0.3333,0.2681,55.05,29.4902,26.89
G41N-H,N73ND2-HD22,3,0.6,0.3333,0.2639,55.05,29.4902,26.4672
G41N-H,N85ND2-HD22,1,0.2,0.1111,0.1463,10.1,5.9869,14.7205
G41N-H,N73N-H,2,0.4,0.2222,0.1258,32.575,17.7386,12.6773
G41N-H,L74N-H,2,0.4,0.2222,0.1042,32.575,17.7386,10.5177
G41N-H,N85ND2-HD21,1,0.2,0.1111,0.0967,10.1,5.9869,9.7677
G41N-H,Q77N-H,1,0.2,0.1111,0.0673,10.1,5.9869,6.8315
G41N-H,G56N-H,1,0.2,0.1111,0.0058,10.1,5.9869,0.6947
G41N-H,E53N-H,1,0.2,0.1111,0.0033,10.1,5.9869,0.4427
G41N-H,L86N-H,1,0.2,0.1111,0.0019,10.1,5.9869,0.2961
G41N-H,R82N-H,1,0.2,0.1111,0.0003,10.1,5.9869,0.14
G41N-H,E92N-H,1,0.2,0.1111,0,10.1,5.9869,0.1111
R84N-H,N85N-H,7,1,0.5385,1,100,51.1855,100
R84N-H,E53N-H,5,0.7143,0.3846,0.9319,67.8929,34.914,93.1945
R84N-H,L83N-H,5,0.7143,0.3846,0.5348,67.8929,34.914,53.5314
R84N-H,E55N-H,3,0.4286,0.2308,0.3842,35.7857,18.6425,38.4899
R84N-H,Q47NE2-HE21,3,0.4286,0.2308,0.3307,35.7857,18.6425,33.1475
R84N-H,F54N-H,3,0.4286,0.2308,0.3259,35.7857,18.6425,32.6607
R84N-H,L63N-H,2,0.2857,0.1538,0.2955,19.7321,10.5068,29.6321
R84N-H,L86N-H,1,0.1429,0.0769,0.2405,3.6786,2.371,24.1346
R84N-H,A52N-H,1,0.1429,0.0769,0.2365,3.6786,2.371,23.7343
R84N-H,G50N-H,1,0.1429,0.0769,0.1656,3.6786,2.371,16.6518
R84N-H,Y34N-H,2,0.2857,0.1538,0.1638,19.7321,10.5068,16.4768
R84N-H,S87N-H,1,0.1429,0.0769,0.1096,3.6786,2.371,11.0572
R84N-H,E33N-H,1,0.1429,0.0769,0.1037,3.6786,2.371,10.4697
R84N-H,F93N-H,2,0.2857,0.1538,0.083,19.7321,10.5068,8.4061
R84N-H,V36N-H,1,0.1429,0.0769,0.0722,3.6786,2.371,7.322
R84N-H,E92N-H,2,0.2857,0.1538,0.0567,19.7321,10.5068,5.7779
R84N-H,R82N-H,2,0.2857,0.1538,0.049,19.7321,10.5068,5.0059
R84N-H,N101N-H,1,0.1429,0.0769,0.049,3.6786,2.371,5.0039
R84N-H,V26N-H,2,0.2857,0.1538,0.046,19.7321,10.5068,4.7012
R84N-H,E35N-H,1,0.1429,0.0769,0.0414,3.6786,2.371,4.2444
R84N-H,T61N-H,1,0.1429,0.0769,0.0191,3.6786,2.371,2.0219
R84N-H,V28N-H,2,0.2857,0.1538,0.0011,19.7321,10.5068,0.2216
L83N-H,R82N-H,5,0.7143,0.3333,1,67.8929,29.4902,100
L83N-H,Y34N-H,7,1,0.4667,0.94,100,43.5922,94.0039
L83N-H,V36N-H,3,0.4286,0.2,0.5747,35.7857,15.3882,57.5174
L83N-H,R84N-H,5,0.7143,0.3333,0.5422,67.8929,29.4902,54.2735
L83N-H,E35N-H,2,0.2857,0.1333,0.4275,19.7321,8.3373,42.8103
L83N-H,N85N-H,3,0.4286,0.2,0.3499,35.7857,15.3882,35.0595
L83N-H,E33N-H,2,0.2857,0.1333,0.3389,19.7321,8.3373,33.9632
L83N-H,E55N-H,3,0.4286,0.2,0.2802,35.7857,15.3882,28.0981
L83N-H,N101N-H,1,0.1429,0.0667,0.0844,3.6786,1.2863,8.5464
L83N-H,F93N-H,1,0.1429,0.0667,0.0737,3.6786,1.2863,7.4731
L83N-H,E92N-H,1,0.1429,0.0667,0.04,3.6786,1.2863,4.1072
L83N-H,V28N-H,1,0.1429,0.0667,0.0294,3.6786,1.2863,3.0444
L83N-H,F54N-H,1,0.1429,0.0667,0.0178,3.6786,1.2863,1.8913
L83N-H,V26N-H,1,0.1429,0.0667,0.009,3.6786,1.2863,1.0063
F54N-H,E53N-H,3,0.4286,0.25,1,35.7857,20.6765,100
F54N-H,L63N-H,6,0.8571,0.5,0.8953,83.9464,47.1176,89.5422
F54N-H,T61N-H,7,1,0.5833,0.6971,100,55.9314,69.7407
F54N-H,G56N-H,1,0.1429,0.0833,0.6962,3.6786,3.049,69.6498
F54N-H,E55N-H,4,0.5714,0.3333,0.4735,51.8393,29.4902,47.4089
F54N-H,R62N-H,4,0.5714,0.3333,0.4522,51.8393,29.4902,45.2839
F54N-H,R84N-H,3,0.4286,0.25,0.2037,35.7857,20.6765,20.454
F54N-H,Y69N-H,1,0.1429,0.0833,0.0777,3.6786,3.049,7.8767
F54N-H,N64N-H,1,0.1429,0.0833,0.0759,3.6786,3.049,7.6887
F54N-H,A48N-H,1,0.1429,0.0833,0.055,3.6786,3.049,5.6084
F54N-H,T59N-H,1,0.1429,0.0833,0.0393,3.6786,3.049,4.0367
F54N-H,F71N-H,1,0.1429,0.0833,0.0294,3.6786,3.049,3.0441
F54N-H,I46N-H,1,0.1429,0.0833,0.0217,3.6786,3.049,2.2752
F54N-H,K70N-H,1,0.1429,0.0833,0.0124,3.6786,3.049,1.3491
F54N-H,Y34N-H,1,0.1429,0.0833,0.012,3.6786,3.049,1.3144
F54N-H,L83N-H,1,0.1429,0.0833,0.011,3.6786,3.049,1.2085
F54N-H,R82N-H,1,0.1429,0.0833,0.0075,3.6786,3.049,0.8633
F54N-H,V36N-H,1,0.1429,0.0833,0.0065,3.6786,3.049,0.7574
F54N-H,N85N-H,1,0.1429,0.0833,0.0007,3.6786,3.049,0.1774
Y34N-H,E33N-H,4,0.5714,0.3333,1,51.8393,29.4902,100
Y34N-H,E35N-H,4,0.5714,0.3333,0.4617,51.8393,29.4902,46.227
Y34N-H,L83N-H,7,1,0.5833,0.434,100,55.9314,43.4622
Y34N-H,N85N-H,5,0.7143,0.4167,0.3648,67.8929,38.3039,36.5527
Y34N-H,N29N-H,2,0.2857,0.1667,0.2129,19.7321,11.8627,21.3801
Y34N-H,V28N-H,3,0.4286,0.25,0.1933,35.7857,20.6765,19.417
Y34N-H,E32N-H,2,0.2857,0.1667,0.1444,19.7321,11.8627,14.5382
Y34N-H,R82N-H,2,0.2857,0.1667,0.0932,19.7321,11.8627,9.4228
Y34N-H,N85ND2-HD22,1,0.1429,0.0833,0.0879,3.6786,3.049,8.8892
Y34N-H,V36N-H,2,0.2857,0.1667,0.0856,19.7321,11.8627,8.6605
Y34N-H,R84N-H,2,0.2857,0.1667,0.0767,19.7321,11.8627,7.7722
Y34N-H,F93N-H,2,0.2857,0.1667,0.0712,19.7321,11.8627,7.221
Y34N-H,F71N-H,1,0.1429,0.0833,0.0614,3.6786,3.049,6.247
Y34N-H,G31N-H,1,0.1429,0.0833,0.0608,3.6786,3.049,6.1825
Y34N-H,N85ND2-HD21,1,0.1429,0.0833,0.0604,3.6786,3.049,6.1476
Y34N-H,I91N-H,1,0.1429,0.0833,0.0436,3.6786,3.049,4.4649
Y34N-H,N101N-H,1,0.1429,0.0833,0.0408,3.6786,3.049,4.1868
Y34N-H,E72N-H,1,0.1429,0.0833,0.0284,3.6786,3.049,2.949
Y34N-H,D88N-H,1,0.1429,0.0833,0.0131,3.6786,3.049,1.4179
Y34N-H,S87N-H,1,0.1429,0.0833,0.0096,3.6786,3.049,1.0653
Y34N-H,F54N-H,1,0.1429,0.0833,0.009,3.6786,3.049,1.0124
Y34N-H,E92N-H,1,0.1429,0.0833,0.0059,3.6786,3.049,0.7015
Y34N-H,V26N-H,1,0.1429,0.0833,0.0007,3.6786,3.049,0.1813
Y34N-H,G56N-H,1,0.1429,0.0833,0.0006,3.6786,3.049,0.1697
Y34N-H,T89N-H,1,0.1429,0.0833,0.0003,3.6786,3.049,0.1454
V28N-H,F93N-H,4,0.8,0.3636,1,77.525,32.6952,100
V28N-H,N29N-H,4,0.8,0.3636,0.9873,77.525,32.6952,98.7307
V28N-H,T27N-H,5,1,0.4545,0.7697,100,42.3102,76.993
V28N-H,I91N-H,4,0.8,0.3636,0.5858,77.525,32.6952,58.6265
V28N-H,E92N-H,2,0.4,0.1818,0.4791,32.575,13.4652,47.9656
V28N-H,N85N-H,4,0.8,0.3636,0.3275,77.525,32.6952,32.8238
V28N-H,Y34N-H,3,0.6,0.2727,0.3215,55.05,23.0802,32.2264
V28N-H,V26N-H,4,0.8,0.3636,0.2795,77.525,32.6952,28.0347
V28N-H,E32N-H,2,0.4,0.1818,0.2241,32.575,13.4652,22.4988
V28N-H,E33N-H,1,0.2,0.0909,0.1517,10.1,3.8503,15.2637
V28N-H,N85ND2-HD22,1,0.2,0.0909,0.1185,10.1,3.8503,11.9498
V28N-H,N85ND2-HD21,1,0.2,0.0909,0.0974,10.1,3.8503,9.84
V28N-H,G31N-H,1,0.2,0.0909,0.0944,10.1,3.8503,9.5453
V28N-H,N39N-H,1,0.2,0.0909,0.0464,10.1,3.8503,4.7507
V28N-H,L83N-H,1,0.2,0.0909,0.0226,10.1,3.8503,2.364
V28N-H,V36N-H,1,0.2,0.0909,0.0128,10.1,3.8503,1.3848
V28N-H,V38N-H,1,0.2,0.0909,0.0108,10.1,3.8503,1.1889
V28N-H,E35N-H,1,0.2,0.0909,0.0093,10.1,3.8503,1.0425
V28N-H,N101N-H,1,0.2,0.0909,0.0034,10.1,3.8503,0.4459
V28N-H,R82N-H,1,0.2,0.0909,0.003,10.1,3.8503,0.4133
V28N-H,R84N-H,2,0.4,0.1818,0.0009,32.575,13.4652,0.1971
G66N-H,E67N-H,4,1,0.6667,1,100,64.7451,100
G66N-H,G50N-H,2,0.5,0.3333,0.7513,43.8125,29.4902,75.1596
G66N-H,S68N-H,1,0.25,0.1667,0.1325,15.7188,11.8627,13.3441
G66N-H,N64N-H,1,0.25,0.1667,0.1315,15.7188,11.8627,13.2503
I81N-H,V38N-H,7,1,0.3889,1,100,35.366,100
I81N-H,R80N-H,6,0.8571,0.3333,0.9615,83.9464,29.4902,96.1545
I81N-H,R82N-H,5,0.7143,0.2778,0.6538,67.8929,23.6144,65.417
I81N-H,V36N-H,6,0.8571,0.3333,0.5473,83.9464,29.4902,54.7772
I81N-H,K37N-H,5,0.7143,0.2778,0.424,67.8929,23.6144,42.4661
I81N-H,N39N-H,1,0.1429,0.0556,0.2837,3.6786,0.1111,28.4468
I81N-H,L79N-H,2,0.2857,0.1111,0.219,19.7321,5.9869,21.9859
I81N-H,E35N-H,2,0.2857,0.1111,0.1725,19.7321,5.9869,17.3456
I81N-H,N73ND2-HD22,1,0.1429,0.0556,0.1047,3.6786,0.1111,10.5674
I81N-H,G56N-H,2,0.2857,0.1111,0.0822,19.7321,5.9869,8.3199
I81N-H,V88N-H,1,0.1429,0.0556,0.0612,3.6786,0.1111,6.226
I81N-H,E55N-H,1,0.1429,0.0556,0.0156,3.6786,0.1111,1.6653
I81N-H,N73N-H,1,0.1429,0.0556,0.0036,3.6786,0.1111,0.4752
I81N-H,R60N-H,2,0.2857,0.1111,0.0034,19.7321,5.9869,0.4529
I81N-H,T61N-H,1,0.1429,0.0556,0.0011,3.6786,0.1111,0.2257
I81N-H,E72N-H,1,0.1429,0.0556,0.0004,3.6786,0.1111,0.153
Q47N-H,A48N-H,6,1,0.4286,1,100,39.563,100
Q47N-H,R94N-H,6,1,0.4286,0.7467,100,39.563,74.6959
Q47N-H,Q47NE2-HE21,4,0.6667,0.2857,0.6,62.5417,24.4538,60.0478
Q47N-H,I46N-H,6,1,0.4286,0.5061,100,39.563,50.662
Q47N-H,Q47NE2-HE22,3,0.5,0.2143,0.4424,43.8125,16.8992,44.2983
Q47N-H,Y69N-H,4,0.6667,0.2857,0.3579,62.5417,24.4538,35.8637
Q47N-H,E45N-H,2,0.3333,0.1429,0.2178,25.0833,9.3445,21.867
Q47N-H,R96N-H,3,0.5,0.2143,0.1862,43.8125,16.8992,18.7123
Q47N-H,E98N-H,2,0.3333,0.1429,0.1722,25.0833,9.3445,17.3073
Q47N-H,K49N-H,2,0.3333,0.1429,0.1437,25.0833,9.3445,14.4644
Q47N-H,G50N-H,1,0.1667,0.0714,0.1213,6.3542,1.7899,12.2318
Q47N-H,A52N-H,1,0.1667,0.0714,0.1208,6.3542,1.7899,12.1814
Q47N-H,E53N-H,1,0.1667,0.0714,0.0987,6.3542,1.7899,9.9733
Q47N-H,E67N-H,1,0.1667,0.0714,0.096,6.3542,1.7899,9.7003
Q47N-H,R22N-H,2,0.3333,0.1429,0.0952,25.0833,9.3445,9.617
Q47N-H,I95N-H,2,0.3333,0.1429,0.0948,25.0833,9.3445,9.5808
Q47N-H,T75N-H,1,0.1667,0.0714,0.0857,6.3542,1.7899,8.6713
Q47N-H,Q77N-H,1,0.1667,0.0714,0.0743,6.3542,1.7899,7.534
Q47N-H,S76N-H,1,0.1667,0.0714,0.0684,6.3542,1.7899,6.9476
Q47N-H,F93N-H,2,0.3333,0.1429,0.0658,25.0833,9.3445,6.6838
Q47N-H,R82N-H,1,0.1667,0.0714,0.0627,6.3542,1.7899,6.3696
Q47N-H,V44N-H,1,0.1667,0.0714,0.0567,6.3542,1.7899,5.7737
Q47N-H,F71N-H,1,0.1667,0.0714,0.0539,6.3542,1.7899,5.4906
Q47N-H,V38N-H,1,0.1667,0.0714,0.0457,6.3542,1.7899,4.6725
Q47N-H,G56N-H,1,0.1667,0.0714,0.0227,6.3542,1.7899,2.3772
Q47N-H,E55N-H,1,0.1667,0.0714,0.0142,6.3542,1.7899,1.5344
S87N-H,D88N-H,3,0.3333,0.25,1,25.0833,20.6765,100
S87N-H,T89N-H,4,0.4444,0.3333,0.617,37.5694,29.4902,61.7442
S87N-H,L86N-H,9,1,0.75,0.4351,100,73.5588,43.5775
S87N-H,N85ND2-HD21,4,0.4444,0.3333,0.1554,37.5694,29.4902,15.635
S87N-H,A52N-H,4,0.4444,0.3333,0.1502,37.5694,29.4902,15.1151
S87N-H,G50N-H,3,0.3333,0.25,0.1358,25.0833,20.6765,13.68
S87N-H,E53N-H,3,0.3333,0.25,0.1053,25.0833,20.6765,10.6253
S87N-H,N85N-H,1,0.1111,0.0833,0.1024,0.1111,3.049,10.3398
S87N-H,K49N-H,2,0.2222,0.1667,0.0837,12.5972,11.8627,8.4714
S87N-H,I91N-H,2,0.2222,0.1667,0.0817,12.5972,11.8627,8.2719
S87N-H,E92N-H,2,0.2222,0.1667,0.0715,12.5972,11.8627,7.2524
S87N-H,R84N-H,1,0.1111,0.0833,0.0365,0.1111,3.049,3.7549
S87N-H,L63N-H,1,0.1111,0.0833,0.0325,0.1111,3.049,3.3598
S87N-H,N85ND2-HD22,1,0.1111,0.0833,0.028,0.1111,3.049,2.9062
S87N-H,E35N-H,1,0.1111,0.0833,0.0105,0.1111,3.049,1.1641
S87N-H,Y34N-H,1,0.1111,0.0833,0.0068,0.1111,3.049,0.7896
N64N-H,E67N-H,3,0.6,0.2308,1,55.05,18.6425,100
N64N-H,S68N-H,2,0.4,0.1538,0.7961,32.575,10.5068,79.6343
N64N-H,N64ND2-HD21,2,0.4,0.1538,0.7719,32.575,10.5068,77.2144
N64N-H,N64ND2-HD22,2,0.4,0.1538,0.6199,32.575,10.5068,62.0275
N64N-H,L63N-H,5,1,0.3846,0.4386,100,34.914,43.9229
N64N-H,Y69N-H,2,0.4,0.1538,0.2024,32.575,10.5068,20.3269
N64N-H,A52N-H,2,0.4,0.1538,0.1747,32.575,10.5068,17.5617
N64N-H,F54N-H,1,0.2,0.0769,0.1079,10.1,2.371,10.8846
N64N-H,G66N-H,1,0.2,0.0769,0.1076,10.1,2.371,10.8608
N64N-H,A48N-H,1,0.2,0.0769,0.0947,10.1,2.371,9.5696
N64N-H,N29N-H,2,0.4,0.1538,0.093,32.575,10.5068,9.3972
N64N-H,N85ND2-HD21,1,0.2,0.0769,0.0837,10.1,2.371,8.4721
N64N-H,T89N-H,1,0.2,0.0769,0.064,10.1,2.371,6.5047
N64N-H,E33N-H,1,0.2,0.0769,0.0549,10.1,2.371,5.5908
N64N-H,E32N-H,1,0.2,0.0769,0.0523,10.1,2.371,5.3391
N64N-H,D88N-H,1,0.2,0.0769,0.0518,10.1,2.371,5.2804
N64N-H,I91N-H,1,0.2,0.0769,0.0505,10.1,2.371,5.1538
N64N-H,E98N-H,1,0.2,0.0769,0.0283,10.1,2.371,2.9398
N64N-H,R43N-H,1,0.2,0.0769,0.0253,10.1,2.371,2.6372
N64N-H,V44N-H,1,0.2,0.0769,0.014,10.1,2.371,1.5077
N64N-H,W9N-H,1,0.2,0.0769,0.0066,10.1,2.371,0.7729
N64N-H,E45N-H,1,0.2,0.0769,0.0036,10.1,2.371,0.4728
N64N-H,E97N-H,1,0.2,0.0769,0.0013,10.1,2.371,0.2384
N64N-H,R22N-H,1,0.2,0.0769,0.0011,10.1,2.371,0.2216
R94N-H,Q47N-H,6,1,0.4615,1,100,43.0498,100
R94N-H,K49N-H,3,0.5,0.2308,0.5986,43.8125,18.6425,59.9008
R94N-H,I95N-H,5,0.8333,0.3846,0.5596,81.2708,34.914,56.0075
R94N-H,A48N-H,3,0.5,0.2308,0.5433,43.8125,18.6425,54.3803
R94N-H,G50N-H,3,0.5,0.2308,0.4782,43.8125,18.6425,47.88
R94N-H,E98N-H,1,0.1667,0.0769,0.47,6.3542,2.371,47.0597
R94N-H,F93N-H,4,0.6667,0.3077,0.4202,62.5417,26.7783,42.085
R94N-H,I46N-H,2,0.3333,0.1538,0.2604,25.0833,10.5068,26.1182
R94N-H,A52N-H,1,0.1667,0.0769,0.2183,6.3542,2.371,21.9181
R94N-H,T61N-H,2,0.3333,0.1538,0.2031,25.0833,10.5068,20.3978
R94N-H,Q77N-H,1,0.1667,0.0769,0.1626,6.3542,2.371,16.3557
R94N-H,E53N-H,1,0.1667,0.0769,0.143,6.3542,2.371,14.3962
R94N-H,R22N-H,2,0.3333,0.1538,0.1364,25.0833,10.5068,13.7328
R94N-H,E67N-H,1,0.1667,0.0769,0.1238,6.3542,2.371,12.4778
R94N-H,Y69N-H,1,0.1667,0.0769,0.1231,6.3542,2.371,12.4078
R94N-H,Q47NE2-HE21,1,0.1667,0.0769,0.1225,6.3542,2.371,12.3433
R94N-H,N85ND2-HD21,1,0.1667,0.0769,0.1167,6.3542,2.371,11.7666
R94N-H,T89N-H,1,0.1667,0.0769,0.1101,6.3542,2.371,11.1118
R94N-H,E45N-H,1,0.1667,0.0769,0.1027,6.3542,2.371,10.3649
R94N-H,R60N-H,2,0.3333,0.1538,0.0601,25.0833,10.5068,6.1149
R94N-H,X88NX-HX,1,0.1667,0.0769,0.0331,6.3542,2.371,3.4212
R94N-H,V26N-H,1,0.1667,0.0769,0.0015,6.3542,2.371,0.265
R94N-H,R43N-H,1,0.1667,0.0769,0.0002,6.3542,2.371,0.1311
R94N-H,E55N-H,1,0.1667,0.0769,0,6.3542,2.371,0.1125
N101N-H,Y34N-H,1,1,1,1,100,100,100
N101N-H,R82N-H,1,1,1,0.9929,100,100,99.2956
N101N-H,L83N-H,1,1,1,0.9556,100,100,95.5622
N101N-H,V36N-H,1,1,1,0.9275,100,100,92.7597
N101N-H,E35N-H,1,1,1,0.8264,100,100,82.656
N101N-H,N85N-H,1,1,1,0.6701,100,100,67.0501
N101N-H,R84N-H,1,1,1,0.562,100,100,56.245
N101N-H,F93N-H,1,1,1,0.1169,100,100,11.7896
N101N-H,E92N-H,1,1,1,0.0607,100,100,6.1758
N101N-H,V28N-H,1,1,1,0.0494,100,100,5.0444
N101N-H,V26N-H,1,1,1,0.0053,100,100,0.639
T61N-H,R62N-H,3,0.4286,0.2308,1,35.7857,18.6425,100
T61N-H,F54N-H,7,1,0.5385,0.6051,100,51.1855,60.5546
T61N-H,G56N-H,4,0.5714,0.3077,0.5326,51.8393,26.7783,53.3118
T61N-H,R60N-H,6,0.8571,0.4615,0.3997,83.9464,43.0498,40.0345
T61N-H,E55N-H,4,0.5714,0.3077,0.3157,51.8393,26.7783,31.6437
T61N-H,L63N-H,3,0.4286,0.2308,0.2501,35.7857,18.6425,25.0942
T61N-H,T59N-H,2,0.2857,0.1538,0.19,19.7321,10.5068,19.0941
T61N-H,E53N-H,3,0.4286,0.2308,0.1476,35.7857,18.6425,14.851
T61N-H,R94N-H,2,0.2857,0.1538,0.1166,19.7321,10.5068,11.7623
T61N-H,Q77N-H,1,0.1429,0.0769,0.0921,3.6786,2.371,9.3126
T61N-H,F71N-H,1,0.1429,0.0769,0.0808,3.6786,2.371,8.1853
T61N-H,E72N-H,1,0.1429,0.0769,0.0639,3.6786,2.371,6.492
T61N-H,I46N-H,1,0.1429,0.0769,0.0604,3.6786,2.371,6.1418
T61N-H,E97N-H,1,0.1429,0.0769,0.0561,3.6786,2.371,5.7169
T61N-H,K70N-H,1,0.1429,0.0769,0.051,3.6786,2.371,5.2056
T61N-H,I95N-H,1,0.1429,0.0769,0.0467,3.6786,2.371,4.7778
T61N-H,N85ND2-HD21,1,0.1429,0.0769,0.0459,3.6786,2.371,4.693
T61N-H,N73N-H,1,0.1429,0.0769,0.0333,3.6786,2.371,3.4381
T61N-H,T89N-H,1,0.1429,0.0769,0.0319,3.6786,2.371,3.2928
T61N-H,F93N-H,1,0.1429,0.0769,0.0176,3.6786,2.371,1.8662
T61N-H,E98N-H,1,0.1429,0.0769,0.0163,3.6786,2.371,1.7361
T61N-H,X88NX-HX,1,0.1429,0.0769,0.0154,3.6786,2.371,1.651
T61N-H,R96N-H,1,0.1429,0.0769,0.0136,3.6786,2.371,1.4676
T61N-H,V26N-H,1,0.1429,0.0769,0.0108,3.6786,2.371,1.1858
T61N-H,R84N-H,1,0.1429,0.0769,0.0104,3.6786,2.371,1.1478
T61N-H,E92N-H,1,0.1429,0.0769,0.0078,3.6786,2.371,0.8929
T61N-H,R80N-H,1,0.1429,0.0769,0.0062,3.6786,2.371,0.7275
T61N-H,R82N-H,1,0.1429,0.0769,0.003,3.6786,2.371,0.406
T61N-H,V44N-H,1,0.1429,0.0769,0.0026,3.6786,2.371,0.3742
T61N-H,I81N-H,1,0.1429,0.0769,0.0008,3.6786,2.371,0.1883
T61N-H,R43N-H,3,0.4286,0.2308,0.0002,35.7857,18.6425,0.1349
E45N-H,V44N-H,4,0.5714,0.3333,1,51.8393,29.4902,100
E45N-H,I46N-H,7,1,0.5833,0.9954,100,55.9314,99.5418
E45N-H,E98N-H,5,0.7143,0.4167,0.8456,67.8929,38.3039,84.5731
E45N-H,F71N-H,3,0.4286,0.25,0.4962,35.7857,20.6765,49.6733
E45N-H,Q47N-H,2,0.2857,0.1667,0.2443,19.7321,11.8627,24.5104
E45N-H,Y69N-H,4,0.5714,0.3333,0.1718,51.8393,29.4902,17.2715
E45N-H,E97N-H,3,0.4286,0.25,0.1541,35.7857,20.6765,15.5088
E45N-H,A48N-H,1,0.1429,0.0833,0.0891,3.6786,3.049,9.0139
E45N-H,R94N-H,1,0.1429,0.0833,0.086,3.6786,3.049,8.6976
E45N-H,N29N-H,1,0.1429,0.0833,0.0823,3.6786,3.049,8.3271
E45N-H,R22N-H,1,0.1429,0.0833,0.0801,3.6786,3.049,8.1147
E45N-H,Q47NE2-HE21,1,0.1429,0.0833,0.0678,3.6786,3.049,6.879
E45N-H,E32N-H,1,0.1429,0.0833,0.047,3.6786,3.049,4.8097
E45N-H,E33N-H,1,0.1429,0.0833,0.0401,3.6786,3.049,4.1209
E45N-H,V38N-H,1,0.1429,0.0833,0.0397,3.6786,3.049,4.0781
E45N-H,R96N-H,3,0.4286,0.25,0.019,35.7857,20.6765,2.0119
E45N-H,S68N-H,1,0.1429,0.0833,0.0145,3.6786,3.049,1.5592
E45N-H,N64N-H,1,0.1429,0.0833,0.0032,3.6786,3.049,0.4331
E45N-H,X39NX-HX,1,0.1429,0.0833,0.0015,3.6786,3.049,0.263
E45N-H,E55N-H,2,0.2857,0.1667,0.0011,19.7321,11.8627,0.22
E45N-H,E67N-H,1,0.1429,0.0833,0.0008,3.6786,3.049,0.1881
E45N-H,G56N-H,1,0.1429,0.0833,0.0003,3.6786,3.049,0.1458
V44N-H,E45N-H,4,0.8,0.5,1,77.525,47.1176,100
V44N-H,F71N-H,2,0.4,0.25,0.4997,32.575,20.6765,50.022
V44N-H,E98N-H,5,1,0.625,0.4729,100,60.3382,47.3531
V44N-H,R43N-H,3,0.6,0.375,0.3963,55.05,33.8971,39.7
V44N-H,N73N-H,2,0.4,0.25,0.3796,32.575,20.6765,38.0328
V44N-H,I46N-H,2,0.4,0.25,0.1863,32.575,20.6765,18.7242
V44N-H,E72N-H,1,0.2,0.125,0.159,10.1,7.4559,15.9974
V44N-H,Q47N-H,1,0.2,0.125,0.0636,10.1,7.4559,6.4617
V44N-H,V38N-H,1,0.2,0.125,0.046,10.1,7.4559,4.704
V44N-H,N64N-H,1,0.2,0.125,0.0124,10.1,7.4559,1.3544
V44N-H,L63N-H,1,0.2,0.125,0.0093,10.1,7.4559,1.0357
V44N-H,T61N-H,1,0.2,0.125,0.0038,10.1,7.4559,0.4947
Y69N-H,S68N-H,3,0.3333,0.2143,1,25.0833,16.8992,100
Y69N-H,I46N-H,9,1,0.6429,0.7732,100,62.2269,77.3428
Y69N-H,Q47N-H,4,0.4444,0.2857,0.4061,37.5694,24.4538,40.6726
Y69N-H,A48N-H,3,0.3333,0.2143,0.2721,25.0833,16.8992,27.295
Y69N-H,K70N-H,2,0.2222,0.1429,0.2263,12.5972,9.3445,22.7195
Y69N-H,N64N-H,2,0.2222,0.1429,0.1823,12.5972,9.3445,18.3166
Y69N-H,Q47NE2-HE21,2,0.2222,0.1429,0.1791,12.5972,9.3445,17.9974
Y69N-H,E45N-H,4,0.4444,0.2857,0.1738,37.5694,24.4538,17.4705
Y69N-H,L63N-H,1,0.1111,0.0714,0.1447,0.1111,1.7899,14.564
Y69N-H,R94N-H,1,0.1111,0.0714,0.1043,0.1111,1.7899,10.5277
Y69N-H,F54N-H,1,0.1111,0.0714,0.0995,0.1111,1.7899,10.054
Y69N-H,R82N-H,1,0.1111,0.0714,0.061,0.1111,1.7899,6.2057
Y69N-H,G56N-H,1,0.1111,0.0714,0.0458,0.1111,1.7899,4.6888
Y69N-H,Q47NE2-HE22,1,0.1111,0.0714,0.0336,0.1111,1.7899,3.4681
Y69N-H,E55N-H,1,0.1111,0.0714,0.0326,0.1111,1.7899,3.3654
Y69N-H,F71N-H,2,0.2222,0.1429,0.0259,12.5972,9.3445,2.7012
Y69N-H,R96N-H,2,0.2222,0.1429,0.0174,12.5972,9.3445,1.848
V38N-H,N39N-H,4,0.5714,0.2667,1,51.8393,22.4392,100
V38N-H,I81N-H,7,1,0.4667,0.9044,100,43.5922,90.4511
V38N-H,K37N-H,7,1,0.4667,0.7302,100,43.5922,73.0504
V38N-H,L79N-H,5,0.7143,0.3333,0.6709,67.8929,29.4902,67.1315
V38N-H,N73ND2-HD22,4,0.5714,0.2667,0.5312,51.8393,22.4392,53.1708
V38N-H,R80N-H,3,0.4286,0.2,0.3464,35.7857,15.3882,34.7135
V38N-H,T42N-H,1,0.1429,0.0667,0.2838,3.6786,1.2863,28.4607
V38N-H,N73N-H,2,0.2857,0.1333,0.2759,19.7321,8.3373,27.6723
V38N-H,N73ND2-HD21,2,0.2857,0.1333,0.2226,19.7321,8.3373,22.3496
V38N-H,E98N-H,2,0.2857,0.1333,0.1462,19.7321,8.3373,14.7136
V38N-H,V36N-H,3,0.4286,0.2,0.0945,35.7857,15.3882,9.5515
V38N-H,X42NX-HX,1,0.1429,0.0667,0.0482,3.6786,1.2863,4.9253
V38N-H,Q47N-H,1,0.1429,0.0667,0.0472,3.6786,1.2863,4.821
V38N-H,V44N-H,1,0.1429,0.0667,0.0423,3.6786,1.2863,4.3397
V38N-H,E55N-H,1,0.1429,0.0667,0.0392,3.6786,1.2863,4.0277
V38N-H,F71N-H,2,0.2857,0.1333,0.0373,19.7321,8.3373,3.8418
V38N-H,E45N-H,1,0.1429,0.0667,0.0366,3.6786,1.2863,3.7635
V38N-H,V26N-H,1,0.1429,0.0667,0.0355,3.6786,1.2863,3.6553
V38N-H,N29N-H,1,0.1429,0.0667,0.0256,3.6786,1.2863,2.6647
V38N-H,I46N-H,1,0.1429,0.0667,0.0219,3.6786,1.2863,2.2967
V38N-H,V88N-H,1,0.1429,0.0667,0.0182,3.6786,1.2863,1.9328
V38N-H,R82N-H,1,0.1429,0.0667,0.0133,3.6786,1.2863,1.438
V38N-H,V28N-H,1,0.1429,0.0667,0.0101,3.6786,1.2863,1.1191
N39N-H,V38N-H,4,1,0.4444,1,100,41.2418,100
N39N-H,T42N-H,3,0.75,0.3333,0.6217,71.9062,29.4902,62.21
N39N-H,N73ND2-HD22,3,0.75,0.3333,0.4934,71.9062,29.4902,49.3964
N39N-H,L79N-H,4,1,0.4444,0.4673,100,41.2418,46.7872
N39N-H,N73N-H,1,0.25,0.1111,0.346,15.7188,5.9869,34.6685
N39N-H,E98N-H,3,0.75,0.3333,0.3394,71.9062,29.4902,34.0128
N39N-H,N39ND2-HD21,2,0.5,0.2222,0.305,43.8125,17.7386,30.5732
N39N-H,R43N-H,2,0.5,0.2222,0.2743,43.8125,17.7386,27.5085
N39N-H,I81N-H,1,0.25,0.1111,0.2566,15.7188,5.9869,25.7381
N39N-H,N39ND2-HD22,2,0.5,0.2222,0.2218,43.8125,17.7386,22.2685
N39N-H,N29N-H,1,0.25,0.1111,0.2022,15.7188,5.9869,20.313
N39N-H,N73ND2-HD21,1,0.25,0.1111,0.1575,15.7188,5.9869,15.84
N39N-H,V28N-H,1,0.25,0.1111,0.0434,15.7188,5.9869,4.4503
I95N-H,R94N-H,5,1,0.3571,1,100,32.0084,100
I95N-H,V26N-H,3,0.6,0.2143,0.2385,55.05,16.8992,23.9346
I95N-H,Q47N-H,2,0.4,0.1429,0.2269,32.575,9.3445,22.7752
I95N-H,T61N-H,1,0.2,0.0714,0.1454,10.1,1.7899,14.6317
I95N-H,R96N-H,1,0.2,0.0714,0.1388,10.1,1.7899,13.9747
I95N-H,Q77N-H,1,0.2,0.0714,0.1159,10.1,1.7899,11.6858
I95N-H,R60N-H,1,0.2,0.0714,0.1047,10.1,1.7899,10.5698
I95N-H,E98N-H,2,0.4,0.1429,0.0833,32.575,9.3445,8.4281
I95N-H,R22N-H,1,0.2,0.0714,0.071,10.1,1.7899,7.2035
I95N-H,F93N-H,1,0.2,0.0714,0.069,10.1,1.7899,7.0008
I95N-H,N85ND2-HD21,1,0.2,0.0714,0.0481,10.1,1.7899,4.9134
I95N-H,T89N-H,2,0.4,0.1429,0.019,32.575,9.3445,2.0138
I95N-H,E55N-H,1,0.2,0.0714,0.0167,10.1,1.7899,1.7821
I95N-H,R82N-H,1,0.2,0.0714,0.0133,10.1,1.7899,1.4428
I95N-H,G56N-H,1,0.2,0.0714,0.0096,10.1,1.7899,1.0733
I95N-H,L74N-H,1,0.2,0.0714,0.0034,10.1,1.7899,0.4462
I95N-H,D88N-H,1,0.2,0.0714,0.0005,10.1,1.7899,0.1573
F93N-H,E92N-H,4,0.6667,0.3636,1,62.5417,32.6952,100
F93N-H,V28N-H,4,0.6667,0.3636,0.8172,62.5417,32.6952,81.7447
F93N-H,V26N-H,6,1,0.5455,0.4786,100,51.9251,47.9149
F93N-H,T27N-H,2,0.3333,0.1818,0.3863,25.0833,13.4652,38.6964
F93N-H,R94N-H,4,0.6667,0.3636,0.2831,62.5417,32.6952,28.3891
F93N-H,N85N-H,2,0.3333,0.1818,0.1915,25.0833,13.4652,19.2388
F93N-H,I91N-H,2,0.3333,0.1818,0.1134,25.0833,13.4652,11.435
F93N-H,Y34N-H,2,0.3333,0.1818,0.0968,25.0833,13.4652,9.777
F93N-H,N29N-H,1,0.1667,0.0909,0.0844,6.3542,3.8503,8.5458
F93N-H,V36N-H,1,0.1667,0.0909,0.0792,6.3542,3.8503,8.0201
F93N-H,Q47N-H,2,0.3333,0.1818,0.0594,25.0833,13.4652,6.0414
F93N-H,R84N-H,2,0.3333,0.1818,0.0528,25.0833,13.4652,5.3901
F93N-H,E32N-H,1,0.1667,0.0909,0.0512,6.3542,3.8503,5.2214
F93N-H,L83N-H,1,0.1667,0.0909,0.0463,6.3542,3.8503,4.7321
F93N-H,E35N-H,1,0.1667,0.0909,0.028,6.3542,3.8503,2.9116
F93N-H,I95N-H,1,0.1667,0.0909,0.026,6.3542,3.8503,2.7085
F93N-H,K49N-H,1,0.1667,0.0909,0.0248,6.3542,3.8503,2.5884
F93N-H,T61N-H,1,0.1667,0.0909,0.0206,6.3542,3.8503,2.1699
F93N-H,R82N-H,1,0.1667,0.0909,0.0067,6.3542,3.8503,0.7758
F93N-H,N101N-H,1,0.1667,0.0909,0.0065,6.3542,3.8503,0.7589
F93N-H,R22N-H,1,0.1667,0.0909,0,6.3542,3.8503,0.1157
N29N-H,V28N-H,4,0.8,0.3636,1,77.525,32.6952,100
N29N-H,E32N-H,5,1,0.4545,0.9568,100,42.3102,95.6841
N29N-H,N29ND2-HD21,2,0.4,0.1818,0.6885,32.575,13.4652,68.8823
N29N-H,E33N-H,4,0.8,0.3636,0.6369,77.525,32.6952,63.7349
N29N-H,N85N-H,2,0.4,0.1818,0.5341,32.575,13.4652,53.4659
N29N-H,N29ND2-HD22,2,0.4,0.1818,0.5318,32.575,13.4652,53.2301
N29N-H,I91N-H,5,1,0.4545,0.4188,100,42.3102,41.9434
N29N-H,Y34N-H,2,0.4,0.1818,0.3588,32.575,13.4652,35.9474
N29N-H,N85ND2-HD22,2,0.4,0.1818,0.3319,32.575,13.4652,33.2622
N29N-H,N85ND2-HD21,3,0.6,0.2727,0.2457,55.05,23.0802,24.65
N29N-H,N39N-H,1,0.2,0.0909,0.219,10.1,3.8503,21.9898
N29N-H,E98N-H,1,0.2,0.0909,0.1385,10.1,3.8503,13.9432
N29N-H,E92N-H,1,0.2,0.0909,0.1073,10.1,3.8503,10.829
N29N-H,G31N-H,1,0.2,0.0909,0.105,10.1,3.8503,10.6008
N29N-H,F93N-H,1,0.2,0.0909,0.1047,10.1,3.8503,10.5649
N29N-H,T27N-H,1,0.2,0.0909,0.0967,10.1,3.8503,9.7684
N29N-H,E97N-H,1,0.2,0.0909,0.0844,10.1,3.8503,8.539
N29N-H,N64N-H,2,0.4,0.1818,0.0825,32.575,13.4652,8.3539
N29N-H,E45N-H,1,0.2,0.0909,0.082,10.1,3.8503,8.3033
N29N-H,S68N-H,1,0.2,0.0909,0.0716,10.1,3.8503,7.2673
N29N-H,R22N-H,1,0.2,0.0909,0.059,10.1,3.8503,6.006
N29N-H,E67N-H,1,0.2,0.0909,0.0392,10.1,3.8503,4.0242
N29N-H,V38N-H,1,0.2,0.0909,0.0277,10.1,3.8503,2.8766
R96N-H,Q47N-H,3,1,0.375,1,100,33.8971,100
R96N-H,T75N-H,1,0.3333,0.125,0.5869,25.0833,7.4559,58.7338
R96N-H,I46N-H,3,1,0.375,0.4722,100,33.8971,47.2827
R96N-H,S76N-H,1,0.3333,0.125,0.3832,25.0833,7.4559,38.3863
R96N-H,E97N-H,1,0.3333,0.125,0.3454,25.0833,7.4559,34.6098
R96N-H,I95N-H,1,0.3333,0.125,0.3114,25.0833,7.4559,31.2177
R96N-H,Q77N-H,1,0.3333,0.125,0.2982,25.0833,7.4559,29.8937
R96N-H,A48N-H,1,0.3333,0.125,0.2798,25.0833,7.4559,28.0553
R96N-H,Q47NE2-HE21,1,0.3333,0.125,0.1745,25.0833,7.4559,17.5379
R96N-H,Q47NE2-HE22,1,0.3333,0.125,0.1374,25.0833,7.4559,13.8388
R96N-H,R60N-H,1,0.3333,0.125,0.0958,25.0833,7.4559,9.6854
R96N-H,T61N-H,1,0.3333,0.125,0.0948,25.0833,7.4559,9.5816
R96N-H,E45N-H,3,1,0.375,0.0911,100,33.8971,9.2129
R96N-H,Y69N-H,2,0.6667,0.25,0.0823,62.5417,20.6765,8.3327
R96N-H,G56N-H,2,0.6667,0.25,0.0815,62.5417,20.6765,8.2547
R96N-H,R82N-H,1,0.3333,0.125,0.0101,25.0833,7.4559,1.1236
I46N-H,E45N-H,7,0.7778,0.3889,1,75.0278,35.366,100
I46N-H,Y69N-H,9,1,0.5,0.7678,100,47.1176,76.8093
I46N-H,Q47N-H,6,0.6667,0.3333,0.5702,62.5417,29.4902,57.0652
I46N-H,F71N-H,3,0.3333,0.1667,0.3348,25.0833,11.8627,33.553
I46N-H,S68N-H,3,0.3333,0.1667,0.2653,25.0833,11.8627,26.6152
I46N-H,K70N-H,2,0.2222,0.1111,0.2255,12.5972,5.9869,22.6353
I46N-H,R94N-H,2,0.2222,0.1111,0.219,12.5972,5.9869,21.9898
I46N-H,V44N-H,2,0.2222,0.1111,0.1872,12.5972,5.9869,18.81
I46N-H,E55N-H,2,0.2222,0.1111,0.1621,12.5972,5.9869,16.3027
I46N-H,E98N-H,2,0.2222,0.1111,0.1512,12.5972,5.9869,15.216
I46N-H,G56N-H,2,0.2222,0.1111,0.1474,12.5972,5.9869,14.8339
I46N-H,Q47NE2-HE21,2,0.2222,0.1111,0.1196,12.5972,5.9869,12.0568
I46N-H,R96N-H,3,0.3333,0.1667,0.0991,25.0833,11.8627,10.008
I46N-H,T59N-H,1,0.1111,0.0556,0.0934,0.1111,0.1111,9.4369
I46N-H,T61N-H,1,0.1111,0.0556,0.0884,0.1111,0.1111,8.9447
I46N-H,L63N-H,2,0.2222,0.1111,0.0557,12.5972,5.9869,5.6719
I46N-H,A48N-H,2,0.2222,0.1111,0.0445,12.5972,5.9869,4.5557
I46N-H,F54N-H,1,0.1111,0.0556,0.0275,0.1111,0.1111,2.8628
I46N-H,V38N-H,1,0.1111,0.0556,0.0239,0.1111,0.1111,2.496
I46N-H,R62N-H,1,0.1111,0.0556,0.0233,0.1111,0.1111,2.4421
I46N-H,E53N-H,1,0.1111,0.0556,0.0228,0.1111,0.1111,2.3893
I46N-H,X39NX-HX,1,0.1111,0.0556,0.0091,0.1111,0.1111,1.0221
A48N-H,G50N-H,2,0.3333,0.25,1,25.0833,20.6765,100
A48N-H,Q47N-H,6,1,0.75,0.6212,100,73.5588,62.1631
A48N-H,K49N-H,2,0.3333,0.25,0.5587,25.0833,20.6765,55.923
A48N-H,Q47NE2-HE21,4,0.6667,0.5,0.3426,62.5417,47.1176,34.3373
A48N-H,Q47NE2-HE22,3,0.5,0.375,0.2634,43.8125,33.8971,26.4207
A48N-H,R94N-H,3,0.5,0.375,0.252,43.8125,33.8971,25.2835
A48N-H,Y69N-H,3,0.5,0.375,0.149,43.8125,33.8971,14.9959
A48N-H,A52N-H,1,0.1667,0.125,0.1204,6.3542,7.4559,12.1368
A48N-H,E53N-H,1,0.1667,0.125,0.0658,6.3542,7.4559,6.6862
A48N-H,E67N-H,1,0.1667,0.125,0.0597,6.3542,7.4559,6.0774
A48N-H,E45N-H,1,0.1667,0.125,0.0494,6.3542,7.4559,5.0424
A48N-H,N64N-H,1,0.1667,0.125,0.0467,6.3542,7.4559,4.7752
A48N-H,L63N-H,1,0.1667,0.125,0.0458,6.3542,7.4559,4.6847
A48N-H,F54N-H,1,0.1667,0.125,0.0386,6.3542,7.4559,3.9651
A48N-H,R96N-H,1,0.1667,0.125,0.0324,6.3542,7.4559,3.3437
A48N-H,R82N-H,1,0.1667,0.125,0.0263,6.3542,7.4559,2.7367
A48N-H,I46N-H,2,0.3333,0.25,0.0245,25.0833,20.6765,2.5617
A48N-H,G56N-H,1,0.1667,0.125,0.0092,6.3542,7.4559,1.0276
A48N-H,E55N-H,1,0.1667,0.125,0.0039,6.3542,7.4559,0.5034
R22N-H,E98N-H,3,1,0.4286,1,100,39.563,100
R22N-H,R94N-H,2,0.6667,0.2857,0.7321,62.5417,24.4538,73.2382
R22N-H,Q47N-H,2,0.6667,0.2857,0.6842,62.5417,24.4538,68.456
R22N-H,E97N-H,1,0.3333,0.1429,0.5655,25.0833,9.3445,56.5965
R22N-H,E45N-H,1,0.3333,0.1429,0.5137,25.0833,9.3445,51.4206
R22N-H,N29N-H,1,0.3333,0.1429,0.3794,25.0833,9.3445,38.0125
R22N-H,E32N-H,1,0.3333,0.1429,0.2504,25.0833,9.3445,25.1268
R22N-H,E33N-H,1,0.3333,0.1429,0.2151,25.0833,9.3445,21.6008
R22N-H,I95N-H,1,0.3333,0.1429,0.2133,25.0833,9.3445,21.4174
R22N-H,X42NX-HX,1,0.3333,0.1429,0.178,25.0833,9.3445,17.8875
R22N-H,S68N-H,1,0.3333,0.1429,0.0409,25.0833,9.3445,4.1916
R22N-H,N64N-H,1,0.3333,0.1429,0.0063,25.0833,9.3445,0.7416
R22N-H,E67N-H,1,0.3333,0.1429,0.0005,25.0833,9.3445,0.1627
R22N-H,E92N-H,1,0.3333,0.1429,0.0005,25.0833,9.3445,0.1615
R22N-H,F93N-H,1,0.3333,0.1429,0.0004,25.0833,9.3445,0.1475
R22N-H,N73ND2-HD21,1,0.3333,0.1429,0.0004,25.0833,9.3445,0.1472
R22N-H,E55N-H,1,0.3333,0.1429,0,25.0833,9.3445,0.1116
T27N-H,V26N-H,5,1,0.7143,1,100,69.7815,100
T27N-H,V28N-H,5,1,0.7143,0.9883,100,69.7815,98.8345
T27N-H,F93N-H,2,0.4,0.2857,0.6069,32.575,24.4538,60.7381
T27N-H,I91N-H,2,0.4,0.2857,0.2543,32.575,24.4538,25.5115
T27N-H,E92N-H,1,0.2,0.1429,0.1319,10.1,9.3445,13.2876
T27N-H,N29N-H,1,0.2,0.1429,0.1226,10.1,9.3445,12.3544
K37N-H,V36N-H,5,0.7143,0.5,1,67.8929,47.1176,100
K37N-H,V38N-H,7,1,0.7,0.8103,100,68.2706,81.056
K37N-H,I81N-H,5,0.7143,0.5,0.4256,67.8929,47.1176,42.6215
K37N-H,V26N-H,1,0.1429,0.1,0.0868,3.6786,4.8118,8.7863
K37N-H,E55N-H,1,0.1429,0.1,0.0477,3.6786,4.8118,4.8719
K37N-H,L79N-H,2,0.2857,0.2,0.0415,19.7321,15.3882,4.2604
K37N-H,R82N-H,1,0.1429,0.1,0.0132,3.6786,4.8118,1.4333
K37N-H,N73ND2-HD22,1,0.1429,0.1,0.0001,3.6786,4.8118,0.121
R43N-H,T42N-H,3,0.6,0.4286,1,55.05,39.563,100
R43N-H,E98N-H,5,1,0.7143,0.4425,100,69.7815,44.3122
R43N-H,V44N-H,3,0.6,0.4286,0.3421,55.05,39.563,34.2803
R43N-H,N39N-H,2,0.4,0.2857,0.2571,32.575,24.4538,25.7949
R43N-H,N73N-H,1,0.2,0.1429,0.1402,10.1,9.3445,14.1137
R43N-H,R60N-H,2,0.4,0.2857,0.0452,32.575,24.4538,4.6296
R43N-H,L63N-H,1,0.2,0.1429,0.0251,10.1,9.3445,2.6225
R43N-H,N64N-H,1,0.2,0.1429,0.0194,10.1,9.3445,2.0521
R43N-H,T61N-H,3,0.6,0.4286,0.0003,55.05,39.563,0.141
R43N-H,R94N-H,1,0.2,0.1429,0.0001,10.1,9.3445,0.1256
G99N-H,E55N-H,1,1,1,1,100,100,100
G57N-H,T59N-H,1,1,1,1,100,100,100
R60N-H,T59N-H,3,0.5,0.375,1,43.8125,33.8971,100
R60N-H,T61N-H,6,1,0.75,0.3674,100,73.5588,36.8145
R60N-H,G56N-H,4,0.6667,0.5,0.3548,62.5417,47.1176,35.552
R60N-H,E72N-H,1,0.1667,0.125,0.169,6.3542,7.4559,16.9965
R60N-H,N73N-H,1,0.1667,0.125,0.1427,6.3542,7.4559,14.3612
R60N-H,E55N-H,1,0.1667,0.125,0.0969,6.3542,7.4559,9.7918
R60N-H,R82N-H,1,0.1667,0.125,0.0479,6.3542,7.4559,4.8926
R60N-H,E35N-H,1,0.1667,0.125,0.0436,6.3542,7.4559,4.4712
R60N-H,Q77N-H,1,0.1667,0.125,0.042,6.3542,7.4559,4.3114
R60N-H,E97N-H,1,0.1667,0.125,0.0391,6.3542,7.4559,4.0198
R60N-H,R43N-H,2,0.3333,0.25,0.033,25.0833,20.6765,3.412
R60N-H,R94N-H,2,0.3333,0.25,0.0317,25.0833,20.6765,3.2811
R60N-H,I95N-H,1,0.1667,0.125,0.0309,6.3542,7.4559,3.2013
R60N-H,N85ND2-HD21,1,0.1667,0.125,0.0198,6.3542,7.4559,2.0917
R60N-H,V36N-H,1,0.1667,0.125,0.0183,6.3542,7.4559,1.9373
R60N-H,T89N-H,1,0.1667,0.125,0.0151,6.3542,7.4559,1.6207
R60N-H,R96N-H,1,0.1667,0.125,0.0126,6.3542,7.4559,1.3719
R60N-H,E98N-H,1,0.1667,0.125,0.0092,6.3542,7.4559,1.033
R60N-H,R80N-H,1,0.1667,0.125,0.0025,6.3542,7.4559,0.3608
R60N-H,I81N-H,2,0.3333,0.25,0.0021,25.0833,20.6765,0.3228
R60N-H,L74N-H,1,0.1667,0.125,0.0006,6.3542,7.4559,0.1678
R62N-H,T61N-H,3,0.5,0.375,1,43.8125,33.8971,100
R62N-H,L63N-H,6,1,0.75,0.7285,100,73.5588,72.8771
R62N-H,F54N-H,4,0.6667,0.5,0.3926,62.5417,47.1176,39.3243
R62N-H,I46N-H,1,0.1667,0.125,0.0159,6.3542,7.4559,1.7025
R62N-H,G50N-H,1,0.1667,0.125,0.0018,6.3542,7.4559,0.2894
S68N-H,E67N-H,3,1,0.5,1,100,47.1176,100
S68N-H,Y69N-H,3,1,0.5,0.7361,100,47.1176,73.6442
S68N-H,N64N-H,2,0.6667,0.3333,0.5278,62.5417,29.4902,52.8303
S68N-H,I46N-H,3,1,0.5,0.1967,100,47.1176,19.7578
S68N-H,Q47NE2-HE21,1,0.3333,0.1667,0.0997,25.0833,11.8627,10.0717
S68N-H,G66N-H,1,0.3333,0.1667,0.0719,25.0833,11.8627,7.2884
S68N-H,E98N-H,1,0.3333,0.1667,0.0634,25.0833,11.8627,6.4436
S68N-H,N29N-H,1,0.3333,0.1667,0.0535,25.0833,11.8627,5.4557
S68N-H,E32N-H,1,0.3333,0.1667,0.0477,25.0833,11.8627,4.8747
S68N-H,E33N-H,1,0.3333,0.1667,0.0466,25.0833,11.8627,4.761
S68N-H,E45N-H,1,0.3333,0.1667,0.0108,25.0833,11.8627,1.1895
S68N-H,E97N-H,1,0.3333,0.1667,0.0057,25.0833,11.8627,0.6761
S68N-H,R22N-H,1,0.3333,0.1667,0.0047,25.0833,11.8627,0.5851
E97N-H,E98N-H,4,1,0.8,1,100,78.8471,100
E97N-H,E45N-H,3,0.75,0.6,0.4837,71.9062,57.6941,48.424
E97N-H,R22N-H,1,0.25,0.2,0.2768,15.7188,15.3882,27.7568
E97N-H,N29N-H,1,0.25,0.2,0.2655,15.7188,15.3882,26.6319
E97N-H,T61N-H,1,0.25,0.2,0.2567,15.7188,15.3882,25.7569
E97N-H,R96N-H,1,0.25,0.2,0.2263,15.7188,15.3882,22.7175
E97N-H,E32N-H,1,0.25,0.2,0.2034,15.7188,15.3882,20.4331
E97N-H,R60N-H,1,0.25,0.2,0.1947,15.7188,15.3882,19.5619
E97N-H,G56N-H,1,0.25,0.2,0.1876,15.7188,15.3882,18.8527
E97N-H,E33N-H,1,0.25,0.2,0.1739,15.7188,15.3882,17.4802
E97N-H,S68N-H,1,0.25,0.2,0.0238,15.7188,15.3882,2.4915
E97N-H,N64N-H,1,0.25,0.2,0.0036,15.7188,15.3882,0.4666
E97N-H,E67N-H,1,0.25,0.2,0.0003,15.7188,15.3882,0.143
